TimeStamp,Name,EID,CX-Name,IS_RUNNING,tx_rate,bps_tx_rate_3s,bps_tx_rate_1m,rx_rate,bps_rx_rate_3s,bps_rx_rate_1m,rx_drop%x1000,tx_pkts,rx_pkts,tx_bytes,rx_bytes,rx_dropped_pkts,rx_dup_pkts,rx_ooo_pkts,rx_wrong_dev,rx_crc_failed,rx_bit_errors,TCP-RTX,conn_timeouts,conn_established,conn_active,tcp_CWND,min_conn_duration_ms,max_conn_duration_ms,min_reconn_pause_ms,max_reconn_pause_ms,pattern,ToS,min_pkt_size,max_pkt_size,min_tx_rate,max_tx_rate,running_for,last_report_ago,destination_addr,source_addr,ToS,min_latency,avg_latency,max_latency,box_width,lat_0,lat_1,lat_2,lat_3,lat_4,lat_5,lat_6,lat_7,lat_8,lat_9,lat_10,lat_11,lat_12,lat_13,lat_14,lat_15,min_rt_latency,avg_rt_latency,max_rt_latency,rt_box_width,rt_lat_0,rt_lat_1,rt_lat_2,rt_lat_3,rt_lat_4,rt_lat_5,rt_lat_6,rt_lat_7,rt_lat_8,rt_lat_9,rt_lat_10,rt_lat_11,rt_lat_12,rt_lat_13,rt_lat_14,rt_lat_15,min_drop_amt,avg_drop_amt,max_drop_amt,drop_box_width,drop_amt_0,drop_amt_1,drop_amt_2,drop_amt_3,drop_amt_4,drop_amt_5,drop_amt_6,drop_amt_7,drop_amt_8,drop_amt_9,drop_amt_10,drop_amt_11,drop_amt_12,drop_amt_13,drop_amt_14,drop_amt_15,RptTimer,files_replayed,Avg-Jitter,rx_pkts_ll,tx_pkts_ll,rx_bytes_ll,tx_bytes_ll,cx_dropped_pkts,Rx-First-Pkt-ms,min_gap,avg_gap,max_gap,gap_box_width,gap_0,gap_1,gap_2,gap_3,gap_4,gap_5,gap_6,gap_7,gap_8,gap_9,gap_10,gap_11,gap_12,gap_13,gap_14,gap_15,Rx-Bps-Last,Tx-Bps-Last,
1779655488673,eth2-eth3-A,1.1.3.2.2,eth2-eth3,true,27959832,29366408,28066018,935828361,939146437,939742121,50,249970,186177,364956200,12215250628,0,0,0,0,0,0,116,0,500,500,3,4294967295,0,0,0,INCREASING,0,1460,1460,56000,56000,104,0,10.0.128.76:33025,10.0.128.11:0,0,1,540.524,58038,1,11,11,6,23,52,255,9949,31218,42278,49384,34121,15199,3263,357,40,10,3,543.642,58042,1,14,4,4,24,45,239,9667,30743,42453,49325,34238,15245,3269,358,40,10,0,0.0,0,1,0,0,0,0,0,0,0,0,0,0,0,0,0,0,0,0,1000,0,676,8169558,497964,12656406760,391846256,94,165,0,0.04,2,1,2562753,275,42,2,2,2,1,1,0,0,0,0,0,0,0,0,937064343,29170829
1779655489678,eth2-eth3-A,1.1.3.2.2,eth2-eth3,true,27904953,27294888,27988707,935532506,940259989,939783410,116,251976,187976,367884960,12333592800,0,0,0,0,0,0,118,0,500,500,3,4294967295,0,0,0,INCREASING,0,1460,1460,56000,56000,105,0,10.0.128.76:33025,10.0.128.11:0,0,1,604.787,58038,1,11,11,6,23,52,256,10007,31492,42621,49870,34526,15398,3296,357,40,10,3,608.086,58042,1,14,4,4,24,45,240,9726,31014,42794,49812,34645,15445,3302,358,40,10,0,0.0,0,1,0,0,0,0,0,0,0,0,0,0,0,0,0,0,0,0,1000,0,614,8247996,501976,12778984584,394991664,219,165,0,0.043,2,1,2588367,278,42,2,2,2,1,1,0,0,0,0,0,0,0,0,942027239,23313512
1779655490803,eth2-eth3-A,1.1.3.2.2,eth2-eth3,true,27938510,27455634,28026687,935582014,940311994,939806618,13,254970,190001,372256200,12465811712,0,0,0,0,0,0,120,0,500,500,3,4294967295,0,0,0,INCREASING,0,1460,1460,56000,56000,106,0,10.0.128.76:33025,10.0.128.11:0,0,1,536.02,58038,1,11,11,6,23,52,256,10088,31760,42978,50466,34998,15606,3336,360,40,10,3,540.096,58042,1,14,4,4,24,45,240,9804,31279,43151,50413,35119,15652,3342,361,40,10,0,0.0,0,1,0,0,0,0,0,0,0,0,0,0,0,0,0,0,0,0,1000,0,420,8335704,507964,12915939728,399686256,25,165,0,0.037,3,1,2617087,281,43,2,2,2,1,1,0,0,0,0,0,0,0,0,940223374,31084373
1779655491865,eth2-eth3-A,1.1.3.2.2,eth2-eth3,true,27944520,27298829,27997661,935971129,940342757,939808166,19,257470,191891,375906200,12590566640,0,0,0,0,0,0,121,0,500,500,3,4294967295,0,0,0,INCREASING,0,1460,1460,56000,56000,107,0,10.0.128.76:33025,10.0.128.11:0,0,1,609.509,58038,1,11,11,6,23,52,256,10152,32013,43319,51007,35451,15803,3376,361,40,10,3,613.284,58042,1,14,4,4,24,45,240,9866,31529,43495,50955,35573,15849,3382,362,40,10,0,0.0,0,1,0,0,0,0,0,0,0,0,0,0,0,0,0,0,0,0,1000,0,534,8418273,512964,13045153382,403606256,37,165,0,0.042,3,1,2644313,282,44,2,2,2,1,1,0,0,0,0,0,0,0,0,939773468,27495291
1779655492907,eth2-eth3-A,1.1.3.2.2,eth2-eth3,true,27945273,27371944,27978032,936009179,940495370,939770915,20,259970,193755,379556200,12712993672,0,0,0,0,0,0,123,0,500,500,3,4294967295,0,0,0,INCREASING,0,1460,1460,56000,56000,108,0,10.0.128.76:33025,10.0.128.11:0,0,1,581.875,58038,1,11,11,6,23,52,256,10212,32243,43672,51548,35877,16007,3425,362,40,10,3,585.029,58042,1,14,4,4,24,45,240,9923,31760,43850,51493,36002,16053,3431,363,40,10,0,0.0,0,1,0,0,0,0,0,0,0,0,0,0,0,0,0,0,0,0,1000,0,421,8499180,517964,13171949392,407526256,40,165,0,0.037,3,1,2671416,284,44,2,2,2,1,1,0,0,0,0,0,0,0,0,939938825,28023032
1779655494009,eth2-eth3-A,1.1.3.2.2,eth2-eth3,true,27920560,27445450,27968878,935692355,939634818,939773280,37,262470,195728,383206200,12842260616,0,0,0,0,0,0,123,0,500,500,3,4294967295,0,0,0,INCREASING,0,1460,1460,56000,56000,109,0,10.0.128.76:33025,10.0.128.11:0,0,1,534.662,58038,1,11,11,6,23,52,256,10254,32458,44011,52144,36395,16232,3459,366,40,10,3,537.485,58042,1,14,4,4,24,45,240,9962,31976,44188,52090,36521,16279,3465,367,40,10,0,0.0,0,1,0,0,0,0,0,0,0,0,0,0,0,0,0,0,0,0,1000,0,363,8584508,522964,13305824048,411446256,74,165,0,0.045,3,1,2700154,287,45,2,2,2,1,1,0,0,0,0,0,0,0,0,938417016,26497277
1779655495151,eth2-eth3-A,1.1.3.2.2,eth2-eth3,true,27948996,29362602,28000201,935753867,940294021,939781934,4,265470,197798,387586200,12976683720,0,0,0,0,0,0,126,0,500,500,3,4294967295,0,0,0,INCREASING,0,1460,1460,56000,56000,110,0,10.0.128.76:33025,10.0.128.11:0,0,1,533.828,58038,1,11,11,6,23,52,256,10298,32728,44414,52728,36901,16465,3487,367,41,10,3,537.165,58042,1,14,4,4,24,45,242,10003,32245,44591,52673,37030,16512,3493,368,41,10,0,0.0,0,1,0,0,0,0,0,0,0,0,0,0,0,0,0,0,0,0,1000,0,375,8673593,528964,13445057742,416150256,9,165,0,0.029,3,1,2729468,291,45,2,2,2,1,1,0,0,0,0,0,0,0,0,941667978,30683012
1779655496266,eth2-eth3-A,1.1.3.2.2,eth2-eth3,true,27941451,27381109,28042865,936118317,939339456,939761405,30,267970,199781,391236200,13107528680,0,0,0,0,0,0,126,0,500,500,3,4294967295,0,0,0,INCREASING,0,1460,1460,56000,56000,112,0,10.0.128.76:33025,10.0.128.11:0,0,1,585.527,58038,1,11,11,6,23,52,256,10351,32936,44785,53338,37386,16668,3537,368,43,10,3,588.366,58042,1,14,4,4,24,45,242,10055,32450,44964,53283,37517,16715,3543,369,43,10,0,0.0,0,1,0,0,0,0,0,0,0,0,0,0,0,0,0,0,0,0,1000,0,773,8759946,533964,13580565764,420070256,60,165,0,0.039,3,1,2758686,293,45,2,2,2,1,1,0,0,0,0,0,0,0,0,938797919,26188340
1779655497405,eth2-eth3-A,1.1.3.2.2,eth2-eth3,true,27908757,27413760,27980136,935824882,940263448,939786284,22,270476,201831,394894960,13241454180,0,0,0,0,0,0,127,0,500,500,3,4294967295,0,0,0,INCREASING,0,1460,1460,56000,56000,113,0,10.0.128.76:33025,10.0.128.11:0,0,1,559.137,58038,1,11,11,6,23,52,256,10413,33179,45164,53963,37839,16907,3586,368,43,10,3,561.965,58042,1,14,4,4,24,45,242,10116,32695,45339,53912,37968,16955,3592,369,43,10,0,0.0,0,1,0,0,0,0,0,0,0,0,0,0,0,0,0,0,0,0,1000,0,530,8848452,538976,13719270588,423999664,46,165,0,0.036,2,1,2788076,297,45,2,2,2,1,1,0,0,0,0,0,0,0,0,940653204,25698050
1779655498524,eth2-eth3-A,1.1.3.2.2,eth2-eth3,true,27941718,29235109,28058764,935859886,939604882,939766778,42,273470,203833,399266200,13372735888,0,0,0,0,0,0,127,0,500,500,3,4294967295,0,0,0,INCREASING,0,1460,1460,56000,56000,114,0,10.0.128.76:33025,10.0.128.11:0,0,1,593.096,58038,1,11,11,6,23,52,257,10472,33404,45552,54568,38305,17117,3629,373,43,10,3,596.401,58042,1,14,4,4,24,45,243,10174,32918,45725,54520,38436,17165,3635,374,43,10,0,0.0,0,1,0,0,0,0,0,0,0,0,0,0,0,0,0,0,0,0,1000,0,685,8935274,544964,13855240684,428694256,86,165,0,0.037,2,1,2816889,301,45,2,2,2,1,1,0,0,0,0,0,0,0,0,938564489,31251045
1779655499582,eth2-eth3-A,1.1.3.2.2,eth2-eth3,true,27948267,27519352,28033097,936223215,939822120,939796974,195,275970,205745,402916200,13497061992,0,0,0,0,0,0,127,0,500,500,3,4294967295,0,0,0,INCREASING,0,1460,1460,56000,56000,115,0,10.0.128.76:33025,10.0.128.11:0,0,1,538.171,58038,1,11,11,6,23,52,257,10547,33628,45878,55127,38812,17283,3679,378,43,10,3,542.18,58042,1,14,4,4,24,45,243,10249,33139,46049,55078,38946,17334,3685,379,43,10,0,0.0,0,1,0,0,0,0,0,0,0,0,0,0,0,0,0,0,0,0,1000,0,340,9017728,549964,13984019304,432614256,402,165,0,0.036,2,1,2843911,305,45,2,2,2,1,1,0,0,0,0,0,0,0,0,940973350,27625354
1779655500623,eth2-eth3-A,1.1.3.2.2,eth2-eth3,true,27949177,27317072,28013350,936266076,939931325,939811486,187,278470,207603,406566200,13619511516,0,0,0,0,0,0,128,0,500,500,3,4294967295,0,0,0,INCREASING,0,1460,1460,56000,56000,116,0,10.0.128.76:33025,10.0.128.11:0,0,1,539.542,58038,1,11,11,6,23,52,258,10616,33894,46192,55627,39266,17488,3724,382,43,10,3,543.138,58042,1,14,4,4,24,45,244,10317,33402,46359,55585,39401,17539,3730,383,43,10,0,0.0,0,1,0,0,0,0,0,0,0,0,0,0,0,0,0,0,0,0,1000,0,479,9099116,554964,14110863780,436534256,391,165,0,0.043,3,1,2870266,306,46,2,2,2,1,1,0,0,0,0,0,0,0,0,940111508,28023032
1779655501746,eth2-eth3-A,1.1.3.2.2,eth2-eth3,true,27921059,27473117,27955678,935975808,939677568,939798218,192,280970,209620,410216200,13751356576,0,0,0,0,0,0,130,0,500,500,3,4294967295,0,0,0,INCREASING,0,1460,1460,56000,56000,117,0,10.0.128.76:33025,10.0.128.11:0,0,1,517.754,58038,1,11,11,6,23,52,258,10674,34137,46548,56273,39731,17709,3751,383,43,10,3,521.686,58042,1,14,4,4,24,45,244,10372,33645,46713,56233,39868,17760,3758,384,43,10,0,0.0,0,1,0,0,0,0,0,0,0,0,0,0,0,0,0,0,0,0,1000,0,375,9186591,559964,14247432490,440454256,405,165,0,0.031,3,1,2898710,309,46,2,2,2,1,1,0,0,0,0,0,0,0,0,939234621,26001780
1779655502864,eth2-eth3-A,1.1.3.2.2,eth2-eth3,true,27962716,29356568,27998129,936337761,940287709,939830298,125,283970,211622,414596200,13882845904,0,0,0,0,0,0,133,0,500,500,3,4294967295,0,0,0,INCREASING,0,1460,1460,56000,56000,118,0,10.0.128.76:33025,10.0.128.11:0,0,1,559.103,58038,1,11,11,6,23,52,258,10749,34403,46876,56882,40196,17908,3809,385,43,10,3,563.116,58042,1,14,4,4,24,45,244,10446,33909,47039,56843,40336,17960,3816,386,43,10,0,0.0,0,1,0,0,0,0,0,0,0,0,0,0,0,0,0,0,0,0,1000,0,556,9274019,565964,14383642930,445158256,266,165,0,0.024,3,1,2926829,313,47,2,2,2,1,1,0,0,0,0,0,0,0,0,940889645,31341681
1779655503929,eth2-eth3-A,1.1.3.2.2,eth2-eth3,true,27957633,29186368,28064041,936362558,940224106,939837148,98,286470,213534,418246200,14007983880,0,0,0,0,0,0,133,0,500,500,2,4294967295,0,0,0,INCREASING,0,1460,1460,56000,56000,119,0,10.0.128.76:33025,10.0.128.11:0,0,1,493.654,58038,1,11,11,6,23,52,258,10821,34672,47237,57399,40638,18107,3855,391,43,10,3,497.258,58042,1,14,4,4,24,45,244,10516,34178,47398,57363,40779,18157,3864,392,43,10,0,0.0,0,1,0,0,0,0,0,0,0,0,0,0,0,0,0,0,0,0,1000,0,312,9357015,570964,14513262690,449078256,211,165,0,0.036,3,1,2953870,319,48,2,2,2,1,1,0,0,0,0,0,0,0,0,940003575,27417840
1779655504968,eth2-eth3-A,1.1.3.2.2,eth2-eth3,true,27959124,29293813,28046958,936406227,940658912,939834469,96,288970,215396,421896200,14130135872,0,0,0,0,0,0,134,0,500,500,3,4294967295,0,0,0,INCREASING,0,1460,1460,56000,56000,120,0,10.0.128.76:33025,10.0.128.11:0,0,1,550.24,58038,1,11,11,6,23,52,258,10887,34926,47595,57902,41081,18314,3882,395,43,10,3,553.509,58042,1,14,4,4,24,45,244,10581,34431,47755,57865,41226,18364,3891,396,43,10,0,0.0,0,1,0,0,0,0,0,0,0,0,0,0,0,0,0,0,0,0,1000,0,422,9437868,575964,14639780744,452998256,207,165,0,0.043,3,1,2980480,323,48,2,2,2,1,1,0,0,0,0,0,0,0,0,940535068,28103946
1779655506066,eth2-eth3-A,1.1.3.2.2,eth2-eth3,true,27946588,27473117,28038980,936425075,940072106,939838271,92,291470,217364,425546200,14259061672,0,0,0,0,0,0,135,0,500,500,3,4294967295,0,0,0,INCREASING,0,1460,1460,56000,56000,121,0,10.0.128.76:33025,10.0.128.11:0,0,1,592.46,58038,1,11,11,6,23,52,259,10946,35172,47963,58477,41524,18545,3922,400,43,10,3,596.008,58042,1,14,4,4,24,45,245,10637,34678,48123,58441,41670,18595,3931,401,43,10,0,0.0,0,1,0,0,0,0,0,0,0,0,0,0,0,0,0,0,0,0,1000,0,507,9523307,580964,14773320250,456918256,201,165,0,0.034,3,1,3008617,328,49,2,2,2,1,1,0,0,0,0,0,0,0,0,939350091,26593806
1779655507108,eth2-eth3-A,1.1.3.2.2,eth2-eth3,true,27938368,27271512,28020399,936146925,940216112,939802056,102,293970,219224,429196200,14381323112,0,0,0,0,0,0,135,0,500,500,3,4294967295,0,0,0,INCREASING,0,1460,1460,56000,56000,122,0,10.0.128.76:33025,10.0.128.11:0,0,1,550.857,58038,1,11,11,6,23,52,260,11000,35399,48332,59036,41926,18748,3965,402,43,10,3,553.683,58042,1,14,4,4,24,45,246,10691,34905,48492,58995,42075,18800,3974,403,43,10,0,0.0,0,1,0,0,0,0,0,0,0,0,0,0,0,0,0,0,0,0,1000,0,474,9604072,585964,14899943000,460838256,224,165,0,0.035,3,1,3035547,331,49,2,2,2,1,1,0,0,0,0,0,0,0,0,938667485,28023032
1779655508319,eth2-eth3-A,1.1.3.2.2,eth2-eth3,true,27948090,27445450,28019191,936177690,940096472,939799990,0,296970,221390,433576200,14523509628,0,0,0,0,0,0,135,0,500,500,3,4294967295,0,0,0,INCREASING,0,1460,1460,56000,56000,124,0,10.0.128.76:33025,10.0.128.11:0,0,1,578.405,58038,1,11,11,6,23,52,261,11065,35657,48732,59691,42402,19009,4009,408,43,10,3,581.562,58042,1,14,4,4,24,45,247,10758,35159,48891,59647,42556,19062,4018,409,43,10,0,0.0,0,1,0,0,0,0,0,0,0,0,0,0,0,0,0,0,0,0,1000,0,550,9698160,591964,15047210268,465542256,0,165,0,0.047,3,1,3066645,333,49,2,2,2,1,1,0,0,0,0,0,0,0,0,939299857,28934764
1779655509427,eth2-eth3-A,1.1.3.2.2,eth2-eth3,true,27942909,27463888,27968695,936519262,939968557,939811120,0,299470,223383,437226200,14653833964,0,0,0,0,0,0,137,0,500,500,3,4294967295,0,0,0,INCREASING,0,1460,1460,56000,56000,125,0,10.0.128.76:33025,10.0.128.11:0,0,1,505.071,58038,1,11,11,6,23,52,262,11131,35906,49050,60319,42871,19233,4044,411,43,10,3,507.841,58042,1,14,4,4,24,45,248,10826,35404,49209,60271,43028,19289,4053,412,43,10,0,0.0,0,1,0,0,0,0,0,0,0,0,0,0,0,0,0,0,0,0,1000,0,416,9784197,596964,15182180602,469462256,0,165,0,0.039,2,1,3095617,333,49,2,2,2,1,1,0,0,0,0,0,0,0,0,940969935,26353790
1779655510468,eth2-eth3-A,1.1.3.2.2,eth2-eth3,true,27943792,27271512,27949573,936544730,939686338,939831888,0,301970,225240,440876200,14776100356,0,0,0,0,0,0,138,0,500,500,3,4294967295,0,0,0,INCREASING,0,1460,1460,56000,56000,126,0,10.0.128.76:33025,10.0.128.11:0,0,1,509.237,58038,1,11,11,6,23,52,262,11195,36162,49379,60892,43261,19440,4080,413,43,10,3,512.233,58042,1,14,4,4,24,45,248,10892,35658,49537,60841,43422,19496,4089,414,43,10,0,0.0,0,1,0,0,0,0,0,0,0,0,0,0,0,0,0,0,0,0,1000,0,480,9865250,601964,15308823856,473382256,0,165,0,0.035,2,1,3122279,335,49,2,2,2,1,1,0,0,0,0,0,0,0,0,939607239,28049951
1779655511607,eth2-eth3-A,1.1.3.2.2,eth2-eth3,true,27960450,29238984,28021340,936286282,940393834,939841532,0,304970,227285,445256200,14909890904,0,0,0,0,0,0,138,0,500,500,3,4294967295,0,0,0,INCREASING,0,1460,1460,56000,56000,127,0,10.0.128.76:33025,10.0.128.11:0,0,1,628.849,58038,1,11,11,6,23,52,262,11249,36410,49763,61483,43756,19658,4133,415,43,10,3,632.168,58042,1,14,4,4,24,45,248,10945,35901,49922,61436,43917,19715,4142,416,43,10,0,0.0,0,1,0,0,0,0,0,0,0,0,0,0,0,0,0,0,0,0,1000,0,987,9953651,607964,15447388058,478086256,0,165,0,0.036,2,1,3151804,335,49,2,2,2,1,1,0,0,0,0,0,0,0,0,940531093,30790861
1779655512726,eth2-eth3-A,1.1.3.2.2,eth2-eth3,true,27944205,27482352,27965508,936318702,939496346,939830169,0,307470,229298,448906200,15041374764,0,0,0,0,0,0,141,0,500,500,3,4294967295,0,0,0,INCREASING,0,1460,1460,56000,56000,128,0,10.0.128.76:33025,10.0.128.11:0,0,1,517.263,58038,1,11,11,6,23,52,262,11329,36679,50110,62057,44246,19868,4175,416,43,10,3,519.882,58042,1,14,4,4,24,45,248,11023,36168,50273,62007,44409,19926,4184,417,43,10,0,0.0,0,1,0,0,0,0,0,0,0,0,0,0,0,0,0,0,0,0,1000,0,511,10040891,612964,15583582878,482006256,0,165,0,0.035,2,1,3180229,337,49,2,2,2,1,1,0,0,0,0,0,0,0,0,940009722,26094727
1779655513798,eth2-eth3-A,1.1.3.2.2,eth2-eth3,true,27938154,27271512,28027859,936336740,938950616,939812147,0,309970,231209,452556200,15167250696,0,0,0,0,0,0,142,0,500,500,3,4294967295,0,0,0,INCREASING,0,1460,1460,56000,56000,129,0,10.0.128.76:33025,10.0.128.11:0,0,1,547.697,58038,1,11,11,6,23,52,262,11387,36884,50438,62646,44691,20101,4218,425,44,10,3,550.499,58042,1,14,4,4,24,45,248,11081,36372,50602,62596,44854,20159,4227,426,44,10,0,0.0,0,1,0,0,0,0,0,0,0,0,0,0,0,0,0,0,0,0,1000,0,573,10123885,617964,15713940486,485926256,0,165,0,0.043,2,1,3208083,340,49,2,2,2,1,1,0,0,0,0,0,0,0,0,938497163,27213420
1779655514883,eth2-eth3-A,1.1.3.2.2,eth2-eth3,true,27938190,27510093,27989713,936657255,940449688,939850197,0,312470,233171,456206200,15294793412,0,0,0,0,0,0,144,0,500,500,3,4294967295,0,0,0,INCREASING,0,1460,1460,56000,56000,130,0,10.0.128.76:33025,10.0.128.11:0,0,1,639.858,58038,1,11,11,6,23,52,263,11448,37121,50765,63168,45253,20310,4256,430,44,10,3,642.818,58042,1,14,4,4,24,45,249,11140,36609,50928,63119,45415,20369,4267,431,44,10,0,0.0,0,1,0,0,0,0,0,0,0,0,0,0,0,0,0,0,0,0,1000,0,1013,10208006,622964,15846025736,489846256,0,165,0,0.035,2,1,3236197,341,49,2,2,2,1,1,0,0,0,0,0,0,0,0,941274656,26937269
1779655515959,eth2-eth3-A,1.1.3.2.2,eth2-eth3,true,27932181,27285786,27954937,936696095,940193802,939850518,0,314976,235097,459864960,15421413248,0,0,0,0,0,0,145,0,500,500,3,4294967295,0,0,0,INCREASING,0,1460,1460,56000,56000,131,0,10.0.128.76:33025,10.0.128.11:0,0,1,544.486,58038,1,11,11,6,23,52,263,11504,37347,51110,63741,45707,20538,4299,431,44,10,3,547.22,58042,1,14,4,4,24,45,249,11197,36833,51274,63690,45871,20597,4310,432,44,10,0,0.0,0,1,0,0,0,0,0,0,0,0,0,0,0,0,0,0,0,0,1000,0,378,10291750,627976,15977167748,493775664,0,165,0,0.034,2,1,3263963,345,49,2,2,2,1,1,0,0,0,0,0,0,0,0,940537314,27177418
1779655517070,eth2-eth3-A,1.1.3.2.2,eth2-eth3,true,27961825,27528618,28038274,936716901,940668917,939839481,0,317970,237088,464236200,15551842356,0,0,0,0,0,0,145,0,500,500,3,4294967295,0,0,0,INCREASING,0,1460,1460,56000,56000,132,0,10.0.128.76:33025,10.0.128.11:0,0,1,592.075,58038,1,11,11,6,23,52,263,11572,37574,51467,64285,46216,20781,4341,432,44,10,3,595.008,58042,1,14,4,4,24,45,250,11266,37057,51631,64235,46381,20839,4352,433,44,10,0,0.0,0,1,0,0,0,0,0,0,0,0,0,0,0,0,0,0,0,0,1000,0,787,10377747,633964,16112240694,498470256,0,165,0,0.041,2,1,3292950,349,49,2,2,2,1,1,0,0,0,0,0,0,0,0,939183495,31476075
1779655518111,eth2-eth3-A,1.1.3.2.2,eth2-eth3,true,27962301,29264432,28018989,936735799,940054925,939857280,0,320470,238944,467886200,15674165944,0,0,0,0,0,0,145,0,500,500,3,4294967295,0,0,0,INCREASING,0,1460,1460,56000,56000,133,0,10.0.128.76:33025,10.0.128.11:0,0,1,595.531,58038,1,11,11,6,23,52,265,11642,37791,51782,64838,46658,20999,4380,432,44,10,3,598.733,58042,1,14,4,4,24,45,253,11334,37272,51949,64785,46826,21056,4392,433,44,10,0,0.0,0,1,0,0,0,0,0,0,0,0,0,0,0,0,0,0,0,0,1000,0,664,10458655,638964,16238933314,502390256,0,165,0,0.044,3,1,3319759,353,50,2,2,2,1,1,0,0,0,0,0,0,0,0,940046785,28049951
1779655519210,eth2-eth3-A,1.1.3.2.2,eth2-eth3,true,27942885,27436240,27972533,936491462,939685013,939845267,0,322970,240927,471536200,15803293436,0,0,0,0,0,0,147,0,500,500,3,4294967295,0,0,0,INCREASING,0,1460,1460,56000,56000,135,0,10.0.128.76:33025,10.0.128.11:0,0,1,516.64,58038,1,11,11,6,23,52,265,11712,38059,52112,65401,47133,21240,4416,432,44,10,3,519.605,58042,1,14,4,4,24,45,253,11403,37541,52275,65348,47304,21298,4428,433,44,10,0,0.0,0,1,0,0,0,0,0,0,0,0,0,0,0,0,0,0,0,0,1000,0,406,10544303,643964,16372685798,506310256,0,165,0,0.04,3,1,3347923,355,50,2,2,2,1,1,0,0,0,0,0,0,0,0,939963545,26569608
1779655520253,eth2-eth3-A,1.1.3.2.2,eth2-eth3,true,27951512,27510093,27952871,936789494,940009386,939859162,0,325470,242806,475186200,15925772708,0,0,0,0,0,0,148,0,500,500,4,4294967295,0,0,0,INCREASING,0,1460,1460,56000,56000,136,0,10.0.128.76:33025,10.0.128.11:0,0,1,536.492,58038,1,11,11,6,23,52,266,11794,38304,52406,65937,47612,21448,4449,433,44,10,3,539.478,58042,1,14,4,4,24,45,254,11486,37785,52567,65884,47786,21505,4461,434,44,10,0,0.0,0,1,0,0,0,0,0,0,0,0,0,0,0,0,0,0,0,0,1000,0,468,10625530,648964,16499551328,510230256,0,165,0,0.04,3,1,3374666,359,50,2,2,2,1,1,0,0,0,0,0,0,0,0,940339900,28023032
1779655521331,eth2-eth3-A,1.1.3.2.2,eth2-eth3,true,27936564,27519352,28013571,936543426,940174098,939864788,0,327970,244729,478836200,16052471400,0,0,0,0,0,0,149,0,500,500,4,4294967295,0,0,0,INCREASING,0,1460,1460,56000,56000,137,0,10.0.128.76:33025,10.0.128.11:0,0,1,502.436,58038,1,11,11,6,23,52,266,11883,38570,52773,66485,48025,21640,4494,436,44,10,3,505.538,58042,1,14,4,4,24,45,254,11573,38053,52932,66433,48199,21698,4506,437,44,10,0,0.0,0,1,0,0,0,0,0,0,0,0,0,0,0,0,0,0,0,0,1000,0,544,10709800,653964,16630800600,514150256,0,165,0,0.042,2,1,3401699,362,50,2,2,2,1,1,0,0,0,0,0,0,0,0,939378624,27062094
1779655522451,eth2-eth3-A,1.1.3.2.2,eth2-eth3,true,27971791,29386112,28054911,936833238,939850002,939857390,0,330970,246728,483216200,16183911300,0,0,0,0,0,0,151,0,500,500,4,4294967295,0,0,0,INCREASING,0,1460,1460,56000,56000,138,0,10.0.128.76:33025,10.0.128.11:0,0,1,534.057,58038,1,11,11,6,23,52,266,11934,38836,53177,67050,48454,21855,4547,450,46,10,3,536.988,58042,1,14,4,4,24,45,254,11625,38317,53335,66996,48631,21913,4560,451,46,10,0,0.0,0,1,0,0,0,0,0,0,0,0,0,0,0,0,0,0,0,0,1000,0,418,10797095,659964,16766954430,518854256,0,165,0,0.039,2,1,3429855,367,50,2,2,2,1,1,0,0,0,0,0,0,0,0,938856428,31285714
1779655523526,eth2-eth3-A,1.1.3.2.2,eth2-eth3,true,27957518,29411933,28058999,936599215,940409074,939861434,0,333470,248665,486866200,16310407040,0,0,0,0,0,0,153,0,500,500,4,4294967295,0,0,0,INCREASING,0,1460,1460,56000,56000,139,0,10.0.128.76:33025,10.0.128.11:0,0,1,578.822,58038,1,11,11,6,23,52,268,11998,39085,53512,67631,48939,22028,4591,453,47,10,3,582.094,58042,1,14,4,4,24,45,256,11691,38559,53671,67579,49117,22087,4604,454,47,10,0,0.0,0,1,0,0,0,0,0,0,0,0,0,0,0,0,0,0,0,0,1000,0,898,10881057,664964,16897984118,522774256,0,165,0,0.033,3,1,3457274,371,51,2,2,2,1,1,0,0,0,0,0,0,0,0,941363646,27162790
1779655524580,eth2-eth3-A,1.1.3.2.2,eth2-eth3,true,27963582,29372456,28033568,936881772,939959762,939837826,0,335970,250555,490516200,16434077400,0,0,0,0,0,0,153,0,500,500,4,4294967295,0,0,0,INCREASING,0,1460,1460,56000,56000,140,0,10.0.128.76:33025,10.0.128.11:0,0,1,508.039,58038,1,11,11,6,23,52,269,12076,39336,53865,68160,49371,22240,4619,459,47,10,3,511.113,58042,1,14,4,4,24,45,257,11769,38806,54024,68109,49552,22298,4633,460,47,10,0,0.0,0,1,0,0,0,0,0,0,0,0,0,0,0,0,0,0,0,0,1000,0,255,10963191,669964,17026089714,526694256,0,165,0,0.044,3,1,3483718,377,52,2,2,2,1,1,0,0,0,0,0,0,0,0,938674459,27703984
1779655525583,eth2-eth3-A,1.1.3.2.2,eth2-eth3,true,27963625,29268290,28032156,936627559,939765757,939837947,27,338470,252337,494166200,16551848076,0,0,0,0,0,0,153,0,500,500,4,4294967295,0,0,0,INCREASING,0,1460,1460,56000,56000,141,0,10.0.128.76:33025,10.0.128.11:0,0,1,539.875,58038,1,11,11,6,23,52,270,12146,39551,54189,68678,49782,22444,4654,463,47,10,3,542.988,58042,1,14,4,4,24,45,257,11836,39022,54349,68627,49965,22502,4668,464,47,10,0,0.0,0,1,0,0,0,0,0,0,0,0,0,0,0,0,0,0,0,0,1000,0,379,11041373,674964,17148082218,530614256,69,165,0,0.044,3,1,3509110,382,52,2,2,2,1,1,0,0,0,0,0,0,0,0,939347365,29112662
1779655526687,eth2-eth3-A,1.1.3.2.2,eth2-eth3,true,27959741,27371944,27983312,936929293,940411402,939845887,25,340970,254315,497816200,16681791844,0,0,0,0,0,0,153,0,500,500,3,4294967295,0,0,0,INCREASING,0,1460,1460,56000,56000,142,0,10.0.128.76:33025,10.0.128.11:0,0,1,555.12,58038,1,11,11,6,23,52,270,12226,39803,54527,69274,50222,22674,4692,467,47,10,3,557.885,58042,1,14,4,4,24,45,257,11917,39269,54690,69223,50405,22733,4706,468,47,10,0,0.0,0,1,0,0,0,0,0,0,0,0,0,0,0,0,0,0,0,0,1000,0,561,11127365,679964,17282669554,534534256,65,165,0,0.034,3,1,3537279,386,53,2,2,2,1,1,0,0,0,0,0,0,0,0,941621507,26449275
1779655527728,eth2-eth3-A,1.1.3.2.2,eth2-eth3,true,27960590,27454666,28060707,936950735,940380194,939850662,8,343470,256206,501466200,16803977196,0,0,0,0,0,0,156,0,500,500,3,4294967295,0,0,0,INCREASING,0,1460,1460,56000,56000,143,0,10.0.128.76:33025,10.0.128.11:0,0,1,547.113,58038,1,11,11,6,23,52,270,12328,40081,54826,69800,50654,22891,4727,469,47,10,3,549.802,58042,1,14,4,4,24,45,257,12020,39546,54989,69749,50836,22951,4741,470,47,10,0,0.0,0,1,0,0,0,0,0,0,0,0,0,0,0,0,0,0,0,0,1000,0,662,11208824,684964,17409253692,538454256,21,165,0,0.041,3,1,3563049,392,54,2,2,2,1,1,0,0,0,0,0,0,0,0,938984453,28049951
1779655528770,eth2-eth3-A,1.1.3.2.2,eth2-eth3,true,27961040,27528618,28042161,936975223,940674682,939867206,49,345970,258062,505116200,16926457408,0,0,0,0,0,0,157,0,500,500,3,4294967295,0,0,0,INCREASING,0,1460,1460,56000,56000,144,0,10.0.128.76:33025,10.0.128.11:0,0,1,537.025,58038,1,11,11,6,23,52,271,12411,40358,55168,70301,51066,23087,4769,471,47,10,3,540.137,58042,1,14,4,4,24,45,258,12101,39821,55329,70251,51253,23147,4783,472,47,10,0,0.0,0,1,0,0,0,0,0,0,0,0,0,0,0,0,0,0,0,0,1000,0,534,11290086,689964,17536122052,542374256,128,165,0,0.037,5,1,3589424,396,54,3,2,2,1,1,0,0,0,0,0,0,0,0,940347117,28023032
1779655529876,eth2-eth3-A,1.1.3.2.2,eth2-eth3,true,27949195,27289717,27992517,936997279,940198578,939866926,86,348470,260052,508766200,17056395724,0,0,0,0,0,0,158,0,500,500,3,4294967295,0,0,0,INCREASING,0,1460,1460,56000,56000,145,0,10.0.128.76:33025,10.0.128.11:0,0,1,526.378,58038,1,11,11,6,23,52,271,12485,40612,55519,70851,51580,23286,4815,473,47,10,3,530.029,58042,1,14,4,4,24,45,259,12173,40072,55680,70805,51766,23347,4829,474,47,10,0,0.0,0,1,0,0,0,0,0,0,0,0,0,0,0,0,0,0,0,0,1000,0,434,11376384,694964,17670720460,546294256,226,165,0,0.037,5,1,3617318,400,54,3,2,2,1,1,0,0,0,0,0,0,0,0,939879320,26401446
1779655530980,eth2-eth3-A,1.1.3.2.2,eth2-eth3,true,27930773,27367917,27945149,936759089,939720005,939861254,91,350976,262027,512424960,17186016448,0,0,0,0,0,0,159,0,500,500,3,4294967295,0,0,0,INCREASING,0,1460,1460,56000,56000,146,0,10.0.128.76:33025,10.0.128.11:0,0,1,484.674,58038,1,11,11,6,23,52,271,12563,40857,55841,71440,52064,23510,4844,477,47,10,3,488.377,58042,1,14,4,4,24,45,259,12250,40315,56001,71397,52250,23571,4859,478,47,10,0,0.0,0,1,0,0,0,0,0,0,0,0,0,0,0,0,0,0,0,0,1000,0,502,11462197,699976,17804975086,550223664,241,165,0,0.04,5,1,3645468,404,55,3,2,2,1,1,0,0,0,0,0,0,0,0,939280608,26512753
1779655532084,eth2-eth3-A,1.1.3.2.2,eth2-eth3,true,27966297,29333082,28031686,937038938,940021018,939877063,93,353970,264013,516796200,17315776804,0,0,0,0,0,0,161,0,500,500,3,4294967295,0,0,0,INCREASING,0,1460,1460,56000,56000,147,0,10.0.128.76:33025,10.0.128.11:0,0,1,631.538,58038,1,11,11,6,23,52,271,12621,41063,56199,72013,52569,23739,4895,483,47,10,3,635.449,58042,1,14,4,4,24,45,259,12306,40520,56353,71976,52756,23802,4910,484,47,10,0,0.0,0,1,0,0,0,0,0,0,0,0,0,0,0,0,0,0,0,0,1000,0,449,11547950,705964,17939366104,554918256,246,165,0,0.044,3,1,3673799,409,55,3,2,2,1,1,0,0,0,0,0,0,0,0,940292434,31675652
1779655533125,eth2-eth3-A,1.1.3.2.2,eth2-eth3,true,27966882,29421821,28012410,937069077,940446848,939912907,81,356470,265859,520446200,17438269856,0,0,0,0,0,0,161,0,500,500,3,4294967295,0,0,0,INCREASING,0,1460,1460,56000,56000,148,0,10.0.128.76:33025,10.0.128.11:0,0,1,560.012,58038,1,11,11,6,23,52,272,12692,41291,56532,72531,53026,23952,4916,487,47,10,3,564.092,58042,1,14,4,4,24,45,260,12375,40749,56687,72489,53216,24017,4931,488,47,10,0,0.0,0,1,0,0,0,0,0,0,0,0,0,0,0,0,0,0,0,0,1000,0,520,11629287,710964,18066251354,558838256,217,165,0,0.035,2,1,3700035,413,55,3,2,2,1,1,0,0,0,0,0,0,0,0,941349102,28049951
1779655534219,eth2-eth3-A,1.1.3.2.2,eth2-eth3,true,27957575,27353629,27968318,937081530,940003530,939874795,83,358970,267824,524096200,17566647504,0,0,0,0,0,0,163,0,500,500,4,4294967295,0,0,0,INCREASING,0,1460,1460,56000,56000,149,0,10.0.128.76:33025,10.0.128.11:0,0,1,548.038,58038,1,11,11,6,23,52,272,12775,41529,56882,73084,53493,24186,4955,488,47,10,3,552.012,58042,1,14,4,4,24,45,260,12457,40986,57037,73039,53686,24253,4970,489,47,10,0,0.0,0,1,0,0,0,0,0,0,0,0,0,0,0,0,0,0,0,0,1000,0,509,11714551,715964,18199233258,562758256,224,165,0,0.046,3,1,3727496,414,56,3,2,2,1,1,0,0,0,0,0,0,0,0,938776219,26691042
1779655535324,eth2-eth3-A,1.1.3.2.2,eth2-eth3,true,27938970,27399461,28015677,936848336,939713533,939865170,81,361470,269806,527746200,17696362448,0,0,0,0,0,0,165,0,500,500,4,4294967295,0,0,0,INCREASING,0,1460,1460,56000,56000,151,0,10.0.128.76:33025,10.0.128.11:0,0,1,580.318,58038,1,11,11,6,23,52,272,12846,41778,57198,73679,53962,24427,4995,489,47,10,3,583.406,58042,1,14,4,4,24,45,260,12528,41235,57354,73632,54156,24493,5011,490,47,10,0,0.0,0,1,0,0,0,0,0,0,0,0,0,0,0,0,0,0,0,0,1000,0,591,11800701,720964,18333600302,566678256,221,165,0,0.034,3,1,3755364,417,57,3,2,2,1,1,0,0,0,0,0,0,0,0,939112716,26425339
1779655536365,eth2-eth3-A,1.1.3.2.2,eth2-eth3,true,27946893,27482352,27997661,937111037,940137914,939891431,83,363970,271669,531396200,17818697820,0,0,0,0,0,0,166,0,500,500,4,4294967295,0,0,0,INCREASING,0,1460,1460,56000,56000,152,0,10.0.128.76:33025,10.0.128.11:0,0,1,522.559,58038,1,11,11,6,23,52,273,12908,42020,57532,74211,54411,24630,5028,496,47,10,3,525.392,58042,1,14,4,4,24,45,261,12593,41472,57688,74164,54606,24697,5044,497,47,10,0,0.0,0,1,0,0,0,0,0,0,0,0,0,0,0,0,0,0,0,0,1000,0,324,11881919,725964,18460321446,570598256,228,165,0,0.035,3,1,3781668,421,58,3,2,2,1,1,0,0,0,0,0,0,0,0,940137344,28049951
1779655537478,eth2-eth3-A,1.1.3.2.2,eth2-eth3,true,27972756,29415714,28042282,937128379,939557413,939859391,95,366970,273653,535776200,17949288412,0,0,0,0,0,0,167,0,500,500,4,4294967295,0,0,0,INCREASING,0,1460,1460,56000,56000,153,0,10.0.128.76:33025,10.0.128.11:0,0,1,561.589,58038,1,11,11,6,23,52,273,12972,42260,57865,74813,54888,24845,5076,500,48,10,3,565.059,58042,1,14,4,4,24,45,261,12653,41716,58018,74767,55084,24913,5092,501,48,10,0,0.0,0,1,0,0,0,0,0,0,0,0,0,0,0,0,0,0,0,0,1000,0,509,11968361,731964,18595579906,575302256,261,165,0,0.04,4,1,3809772,425,60,3,2,2,1,1,0,0,0,0,0,0,0,0,938656546,31482479
1779655538519,eth2-eth3-A,1.1.3.2.2,eth2-eth3,true,27966026,29209736,28062299,936912248,939491861,939884102,148,369470,275538,539426200,18071749028,0,0,0,0,0,0,168,0,500,500,4,4294967295,0,0,0,INCREASING,0,1460,1460,56000,56000,154,0,10.0.128.76:33025,10.0.128.11:0,0,1,565.525,58038,1,11,11,6,23,52,274,13038,42479,58172,75367,55381,25044,5122,500,48,10,3,569.052,58042,1,14,4,4,24,45,262,12719,41934,58323,75318,55581,25114,5138,501,48,10,0,0.0,0,1,0,0,0,0,0,0,0,0,0,0,0,0,0,0,0,0,1000,0,534,12049614,736964,18722428184,579222256,411,165,0,0.039,4,1,3836189,429,60,3,2,2,1,1,0,0,0,0,0,0,0,0,941099834,28049951
1779655539619,eth2-eth3-A,1.1.3.2.2,eth2-eth3,true,27963168,27353629,28015230,937170422,939907136,939856995,150,371970,277501,543076200,18200903912,0,0,0,0,0,0,171,0,500,500,4,4294967295,0,0,0,INCREASING,0,1460,1460,56000,56000,155,0,10.0.128.76:33025,10.0.128.11:0,0,1,573.886,58038,1,11,11,6,23,52,274,13098,42717,58542,75969,55826,25258,5153,503,48,10,3,576.842,58042,1,14,4,4,24,45,262,12780,42166,58696,75920,56027,25329,5169,504,48,10,0,0.0,0,1,0,0,0,0,0,0,0,0,0,0,0,0,0,0,0,0,1000,0,506,12135254,741964,18856207628,583142256,418,165,0,0.043,3,1,3863978,434,60,3,2,2,1,1,0,0,0,0,0,0,0,0,939308247,26545454
1779655540667,eth2-eth3-A,1.1.3.2.2,eth2-eth3,true,27962316,27371944,27992692,937191730,940428906,939896390,136,374470,279398,546726200,18324207020,0,0,0,0,0,0,172,0,500,500,4,4294967295,0,0,0,INCREASING,0,1460,1460,56000,56000,156,0,10.0.128.76:33025,10.0.128.11:0,0,1,524.71,58038,1,11,11,6,23,52,279,13164,42990,58917,76533,56205,25440,5199,508,50,10,3,527.333,58042,1,14,4,4,24,45,267,12849,42435,59071,76484,56408,25510,5215,509,50,10,0,0.0,0,1,0,0,0,0,0,0,0,0,0,0,0,0,0,0,0,0,1000,0,662,12217344,746964,18983943596,587062256,381,165,0,0.034,2,1,3890130,436,60,3,2,2,1,1,0,0,0,0,0,0,0,0,941245099,27862595
1779655541783,eth2-eth3-A,1.1.3.2.2,eth2-eth3,true,27942665,27317072,27938377,936977755,940085736,939928361,139,376970,281407,550376200,18455299488,0,0,0,0,0,0,173,0,500,500,4,4294967295,0,0,0,INCREASING,0,1460,1460,56000,56000,157,0,10.0.128.76:33025,10.0.128.11:0,0,1,491.671,58038,1,11,11,6,23,52,283,13240,43243,59293,77093,56682,25647,5252,510,50,11,3,494.87,58042,1,14,4,4,24,45,271,12927,42682,59450,77045,56885,25716,5269,511,50,11,0,0.0,0,1,0,0,0,0,0,0,0,0,0,0,0,0,0,0,0,0,1000,0,283,12304465,751964,19119740598,590982256,394,165,0,0.045,3,1,3918176,440,61,3,2,2,1,1,0,0,0,0,0,0,0,0,939730953,26164874
1779655542886,eth2-eth3-A,1.1.3.2.2,eth2-eth3,true,27969255,29336904,28084191,936998723,939811138,939899149,151,379970,283361,554756200,18584901172,0,0,0,0,0,0,173,0,500,500,3,4294967295,0,0,0,INCREASING,0,1460,1460,56000,56000,158,0,10.0.128.76:33025,10.0.128.11:0,0,1,500.541,58038,1,11,11,6,23,52,284,13315,43482,59636,77692,57130,25858,5283,517,50,11,3,504.16,58042,1,14,4,4,24,45,272,13003,42920,59789,77647,57334,25927,5300,518,50,11,0,0.0,0,1,0,0,0,0,0,0,0,0,0,0,0,0,0,0,0,0,1000,0,435,12390458,757964,19253985904,595686256,429,165,0,0.042,3,1,3945873,444,61,3,2,2,1,1,0,0,0,0,0,0,0,0,939994081,31767905
1779655543928,eth2-eth3-A,1.1.3.2.2,eth2-eth3,true,27976437,29415714,28065678,937239243,939655208,939872341,148,382470,285225,558406200,18707178140,0,0,0,0,0,0,174,0,500,500,3,4294967295,0,0,0,INCREASING,0,1460,1460,56000,56000,159,0,10.0.128.76:33025,10.0.128.11:0,0,1,487.713,58038,1,11,11,6,23,52,284,13364,43684,59977,78207,57622,26079,5319,525,50,11,3,491.051,58042,1,14,4,4,24,45,273,13050,43121,60129,78164,57827,26148,5336,526,50,11,0,0.0,0,1,0,0,0,0,0,0,0,0,0,0,0,0,0,0,0,0,1000,0,368,12471527,762964,19380640598,599606256,423,165,0,0.033,3,1,3972449,447,61,3,2,2,1,1,0,0,0,0,0,0,0,0,938786702,28023032
1779655544970,eth2-eth3-A,1.1.3.2.2,eth2-eth3,true,27976739,29494949,28046022,937261711,940022258,939904528,187,384970,287112,562056200,18829704932,0,0,0,0,0,0,176,0,500,500,3,4294967295,0,0,0,INCREASING,0,1460,1460,56000,56000,160,0,10.0.128.76:33025,10.0.128.11:0,0,1,512.369,58038,1,11,11,6,23,52,286,13456,43948,60317,78731,58052,26282,5351,525,50,11,3,515.084,58042,1,14,4,4,24,45,275,13144,43383,60468,78688,58258,26350,5369,526,50,11,0,0.0,0,1,0,0,0,0,0,0,0,0,0,0,0,0,0,0,0,0,1000,0,379,12553179,767964,19507576598,603526256,540,165,0,0.04,2,1,3998247,452,61,3,2,2,1,1,0,0,0,0,0,0,0,0,940704737,28023032
1779655546020,eth2-eth3-A,1.1.3.2.2,eth2-eth3,true,27968911,29494949,28061827,937048173,939559722,939900089,195,387470,288975,565706200,18952970620,0,0,0,0,0,0,176,0,500,500,3,4294967295,0,0,0,INCREASING,0,1460,1460,56000,56000,161,0,10.0.128.76:33025,10.0.128.11:0,0,1,527.564,58038,1,11,11,6,23,52,287,13523,44189,60672,79281,58432,26492,5409,526,50,11,3,530.447,58042,1,14,4,4,24,45,276,13211,43622,60823,79236,58642,26560,5427,527,50,11,0,0.0,0,1,0,0,0,0,0,0,0,0,0,0,0,0,0,0,0,0,1000,0,689,12634852,772964,19635252628,607446256,566,165,0,0.031,2,1,4024736,453,61,3,2,2,1,1,0,0,0,0,0,0,0,0,939167146,27809523
1779655547077,eth2-eth3-A,1.1.3.2.2,eth2-eth3,true,27973552,29402053,28034979,937296577,939993698,939885314,183,389970,290897,569356200,19077148736,0,0,0,0,0,0,177,0,500,500,3,4294967295,0,0,0,INCREASING,0,1460,1460,56000,56000,162,0,10.0.128.76:33025,10.0.128.11:0,0,1,668.295,58038,1,11,11,6,23,52,287,13600,44465,61048,79798,58863,26695,5448,529,50,11,3,671.09,58042,1,14,4,4,24,45,276,13289,43897,61198,79751,59076,26763,5466,530,50,11,0,0.0,0,1,0,0,0,0,0,0,0,0,0,0,0,0,0,0,0,0,1000,0,819,12717575,777964,19763897786,611366256,534,165,0,0.035,2,1,4051166,456,61,3,2,2,1,1,0,0,0,0,0,0,0,0,939853290,27625354
1779655548325,eth2-eth3-A,1.1.3.2.2,eth2-eth3,true,27967690,29258514,28016849,937089402,940123925,939908060,126,392970,293124,573736200,19223686284,0,0,0,0,0,0,179,0,500,500,3,4294967295,0,0,0,INCREASING,0,1460,1460,56000,56000,164,0,10.0.128.76:33025,10.0.128.11:0,0,1,555.475,58038,1,11,11,6,23,52,288,13689,44789,61473,80371,59351,26974,5493,532,50,11,3,558.354,58042,1,14,4,4,24,45,277,13379,44218,61622,80325,59566,27042,5511,533,50,11,0,0.0,0,1,0,0,0,0,0,0,0,0,0,0,0,0,0,0,0,0,1000,0,584,12815086,783964,19915700928,616070256,370,165,0,0.041,3,1,4082236,462,62,3,2,2,1,1,0,0,0,0,0,0,0,0,940096538,28099438
1779655549444,eth2-eth3-A,1.1.3.2.2,eth2-eth3,true,27954837,27500840,27961229,937107733,939357802,939917929,126,395470,295125,577386200,19355257396,0,0,0,0,0,0,180,0,500,500,3,4294967295,0,0,0,INCREASING,0,1460,1460,56000,56000,165,0,10.0.128.76:33025,10.0.128.11:0,0,1,555.558,58038,1,11,11,6,23,52,288,13775,45046,61840,80919,59835,27198,5528,532,50,11,3,558.297,58042,1,14,4,4,24,45,277,13467,44471,61992,80872,60049,27267,5546,533,50,11,0,0.0,0,1,0,0,0,0,0,0,0,0,0,0,0,0,0,0,0,0,1000,0,506,12902217,788964,20051977114,619990256,375,165,0,0.035,3,1,4110784,465,62,3,2,2,1,1,0,0,0,0,0,0,0,0,940633508,26094727
1779655550546,eth2-eth3-A,1.1.3.2.2,eth2-eth3,true,27951734,27289717,27951499,937354347,940261626,939910126,127,397970,297106,581036200,19484901996,0,0,0,0,0,0,180,0,500,500,3,4294967295,0,0,0,INCREASING,0,1460,1460,56000,56000,166,0,10.0.128.76:33025,10.0.128.11:0,0,1,515.239,58038,1,11,11,6,23,52,288,13874,45329,62194,81515,60238,27398,5574,532,50,11,3,518.645,58042,1,14,4,4,24,45,277,13564,44751,62345,81473,60452,27468,5592,533,50,11,0,0.0,0,1,0,0,0,0,0,0,0,0,0,0,0,0,0,0,0,0,1000,0,429,12988191,793964,20186264310,623910256,378,165,0,0.035,3,1,4138703,466,63,3,2,2,1,1,0,0,0,0,0,0,0,0,940305349,26473254
1779655551588,eth2-eth3-A,1.1.3.2.2,eth2-eth3,true,27945665,27362784,27931798,937138895,939684989,939888176,194,400470,298966,584686200,19607054264,0,0,0,0,0,0,181,0,500,500,3,4294967295,0,0,0,INCREASING,0,1460,1460,56000,56000,167,0,10.0.128.76:33025,10.0.128.11:0,0,1,575.676,58038,1,11,11,6,23,52,288,13926,45580,62558,82053,60653,27593,5616,535,50,11,3,578.473,58042,1,14,4,4,24,45,277,13616,45001,62707,82013,60867,27664,5634,536,50,11,0,0.0,0,1,0,0,0,0,0,0,0,0,0,0,0,0,0,0,0,0,1000,0,731,13068817,798964,20312770382,627830256,582,165,0,0.045,3,1,4165722,467,64,3,2,2,1,1,0,0,0,0,0,0,0,0,937829312,28023032
1779655552645,eth2-eth3-A,1.1.3.2.2,eth2-eth3,true,27950293,27298829,28001842,937383723,939601541,939902363,196,402970,300860,588336200,19731341516,0,0,0,0,0,0,183,0,500,500,3,4294967295,0,0,0,INCREASING,0,1460,1460,56000,56000,168,0,10.0.128.76:33025,10.0.128.11:0,0,1,558.347,58038,1,11,11,6,23,52,288,13988,45799,62909,82609,61107,27797,5656,540,53,11,3,561.359,58042,1,14,4,4,24,45,278,13678,45215,63060,82567,61325,27868,5674,541,53,11,0,0.0,0,1,0,0,0,0,0,0,0,0,0,0,0,0,0,0,0,0,1000,0,529,13150981,803964,20441494490,631750256,593,165,0,0.037,3,1,4193115,470,64,3,2,2,1,1,0,0,0,0,0,0,0,0,940679296,27625354
1779655553722,eth2-eth3-A,1.1.3.2.2,eth2-eth3,true,27945381,27349624,27968086,937406452,940383538,939927014,191,405476,302792,591994960,19858018284,0,0,0,0,0,0,184,0,500,500,3,4294967295,0,0,0,INCREASING,0,1460,1460,56000,56000,169,0,10.0.128.76:33025,10.0.128.11:0,0,1,535.939,58038,1,11,11,6,23,52,288,14058,46029,63244,83186,61584,27996,5694,546,53,11,3,539.702,58042,1,14,4,4,24,45,278,13745,45448,63393,83145,61803,28067,5712,547,53,11,0,0.0,0,1,0,0,0,0,0,0,0,0,0,0,0,0,0,0,0,0,1000,0,450,13234733,808976,20572693866,635679664,582,165,0,0.036,3,1,4220854,472,64,3,2,2,1,1,0,0,0,0,0,0,0,0,940960207,27177418
1779655554862,eth2-eth3-A,1.1.3.2.2,eth2-eth3,true,27963622,27335338,27999532,937416930,940544373,939918725,139,408470,304829,596366200,19991822168,0,0,0,0,0,0,184,0,500,500,3,4294967295,0,0,0,INCREASING,0,1460,1460,56000,56000,170,0,10.0.128.76:33025,10.0.128.11:0,0,1,490.831,58038,1,11,11,6,23,52,288,14110,46263,63608,83790,62101,28221,5732,549,53,11,3,494.025,58042,1,14,4,4,24,45,278,13797,45680,63752,83754,62321,28293,5750,550,53,11,0,0.0,0,1,0,0,0,0,0,0,0,0,0,0,0,0,0,0,0,0,1000,0,484,13322951,814964,20711261522,640374256,427,165,0,0.036,2,1,4250644,477,64,3,2,2,1,1,0,0,0,0,0,0,0,0,939799009,30702300
1779655555965,eth2-eth3-A,1.1.3.2.2,eth2-eth3,true,27953886,27390282,27950971,937432579,940570328,939900073,138,410970,306816,600016200,20121521612,0,0,0,0,0,0,186,0,500,500,3,4294967295,0,0,0,INCREASING,0,1460,1460,56000,56000,171,0,10.0.128.76:33025,10.0.128.11:0,0,1,511.408,58038,1,11,11,6,23,52,288,14175,46481,63933,84429,62599,28418,5773,553,53,11,3,514.378,58042,1,14,4,4,24,45,278,13860,45896,64080,84392,62821,28489,5792,554,53,11,0,0.0,0,1,0,0,0,0,0,0,0,0,0,0,0,0,0,0,0,0,1000,0,557,13408523,819964,20845581854,644294256,427,165,0,0.033,2,1,4279362,479,64,3,2,2,1,1,0,0,0,0,0,0,0,0,939851043,26449275
1779655557038,eth2-eth3-A,1.1.3.2.2,eth2-eth3,true,27943386,27478200,27956432,937231375,939577594,939887165,134,413476,308735,603674960,20247478024,0,0,0,0,0,0,189,0,500,500,3,4294967295,0,0,0,INCREASING,0,1460,1460,56000,56000,172,0,10.0.128.76:33025,10.0.128.11:0,0,1,544.548,58038,1,11,11,6,23,52,288,14236,46692,64258,85007,63062,28654,5814,555,55,11,3,547.792,58042,1,14,4,4,24,45,278,13921,46105,64405,84970,63284,28726,5834,556,55,11,0,0.0,0,1,0,0,0,0,0,0,0,0,0,0,0,0,0,0,0,0,1000,0,488,13491672,824976,20976028312,648223664,416,165,0,0.04,2,1,4307303,482,64,3,2,2,1,1,0,0,0,0,0,0,0,0,939097200,27278732
1779655558099,eth2-eth3-A,1.1.3.2.2,eth2-eth3,true,27947239,27377074,27927818,937463860,940066354,939880646,141,415976,310632,607324960,20372144332,0,0,0,0,0,0,190,0,500,500,3,4294967295,0,0,0,INCREASING,0,1460,1460,56000,56000,173,0,10.0.128.76:33025,10.0.128.11:0,0,1,576.559,58038,1,11,11,6,23,52,288,14286,46904,64583,85549,63553,28882,5863,555,55,11,3,580.17,58042,1,14,4,4,24,45,278,13971,46313,64732,85513,63776,28954,5883,556,55,11,0,0.0,0,1,0,0,0,0,0,0,0,0,0,0,0,0,0,0,0,0,1000,0,367,13573953,829976,21105137794,652143664,439,165,0,0.04,3,1,4334768,485,65,3,2,2,1,1,0,0,0,0,0,0,0,0,939991012,27521206
1779655559208,eth2-eth3-A,1.1.3.2.2,eth2-eth3,true,27969967,29303621,27977460,937472109,939931424,939915434,141,418970,312623,611696200,20502280672,0,0,0,0,0,0,191,0,500,500,3,4294967295,0,0,0,INCREASING,0,1460,1460,56000,56000,174,0,10.0.128.76:33025,10.0.128.11:0,0,1,572.917,58038,1,11,11,6,23,52,289,14335,47140,64939,86129,64046,29117,5903,556,55,11,3,577.31,58042,1,14,4,4,24,45,279,14020,46548,65087,86089,64275,29188,5924,557,55,11,0,0.0,0,1,0,0,0,0,0,0,0,0,0,0,0,0,0,0,0,0,1000,0,370,13659964,835964,21239918728,656838256,444,165,0,0.042,3,1,4363420,488,66,3,2,2,1,1,0,0,0,0,0,0,0,0,939612563,31561299
1779655560312,eth2-eth3-A,1.1.3.2.2,eth2-eth3,true,27954081,27417840,28022470,937289022,940430506,939920871,131,421470,314610,615346200,20632308940,0,0,0,0,0,0,193,0,500,500,3,4294967295,0,0,0,INCREASING,0,1460,1460,56000,56000,176,0,10.0.128.76:33025,10.0.128.11:0,0,1,513.404,58038,1,11,11,6,23,52,291,14388,47380,65275,86718,64528,29349,5948,564,55,11,3,516.436,58042,1,14,4,4,24,45,281,14073,46789,65421,86677,64760,29419,5969,565,55,11,0,0.0,0,1,0,0,0,0,0,0,0,0,0,0,0,0,0,0,0,0,1000,0,350,13746035,840964,21374594830,660758256,414,165,0,0.037,3,1,4391749,491,66,3,2,2,1,1,0,0,0,0,0,0,0,0,941381125,26425339
1779655561454,eth2-eth3-A,1.1.3.2.2,eth2-eth3,true,27971663,29356568,28053507,937290395,939375301,939883749,74,424470,316658,619726200,20766137352,0,0,0,0,0,0,194,0,500,500,3,4294967295,0,0,0,INCREASING,0,1460,1460,56000,56000,177,0,10.0.128.76:33025,10.0.128.11:0,0,1,523.681,58038,1,11,11,6,23,52,291,14462,47623,65623,87334,65012,29596,5984,564,55,11,3,526.218,58042,1,14,4,4,24,45,281,14147,47033,65762,87298,65244,29667,6004,566,55,11,0,0.0,0,1,0,0,0,0,0,0,0,0,0,0,0,0,0,0,0,0,1000,0,354,13834693,846964,21513210774,665462256,235,165,0,0.039,2,1,4420974,496,66,3,2,2,1,1,0,0,0,0,0,0,0,0,937502010,30683012
1779655562558,eth2-eth3-A,1.1.3.2.2,eth2-eth3,true,27968512,27454666,28043923,937527978,940196338,939912414,18,426970,318637,623376200,20896092344,0,0,0,0,0,0,196,0,500,500,3,4294967295,0,0,0,INCREASING,0,1460,1460,56000,56000,178,0,10.0.128.76:33025,10.0.128.11:0,0,1,537.871,58038,1,11,11,6,23,52,291,14524,47869,65964,87936,65441,29849,6028,566,55,11,3,540.521,58042,1,14,4,4,24,45,281,14206,47281,66101,87901,65675,29919,6049,568,55,11,0,0.0,0,1,0,0,0,0,0,0,0,0,0,0,0,0,0,0,0,0,1000,0,644,13920778,851964,21647814356,669382256,60,165,0,0.04,2,1,4449094,498,66,3,2,2,1,1,0,0,0,0,0,0,0,0,941702840,26449275
1779655563635,eth2-eth3-A,1.1.3.2.2,eth2-eth3,true,27957138,27482352,28007713,937326166,939489624,939882533,84,429470,320553,627026200,21022468432,0,0,0,0,0,0,197,0,500,500,3,4294967295,0,0,0,INCREASING,0,1460,1460,56000,56000,179,0,10.0.128.76:33025,10.0.128.11:0,0,1,566.794,58038,1,11,11,6,23,52,291,14590,48085,66273,88517,65941,30052,6066,569,55,11,3,570.093,58042,1,14,4,4,24,45,281,14270,47499,66407,88481,66180,30121,6087,571,55,11,0,0.0,0,1,0,0,0,0,0,0,0,0,0,0,0,0,0,0,0,0,1000,0,479,14004664,856964,21778720288,673302256,271,165,0,0.042,2,1,4476334,501,66,3,2,2,1,1,0,0,0,0,0,0,0,0,938726744,27112349
1779655564677,eth2-eth3-A,1.1.3.2.2,eth2-eth3,true,27963562,27280613,27988002,937554964,939937792,939916983,75,431970,322435,630676200,21145145900,0,0,0,0,0,0,198,0,500,500,3,4294967295,0,0,0,INCREASING,0,1460,1460,56000,56000,180,0,10.0.128.76:33025,10.0.128.11:0,0,1,620.316,58038,1,11,11,6,23,52,291,14650,48290,66598,89101,66410,30250,6099,576,56,11,3,624.121,58042,1,14,4,4,24,45,281,14327,47703,66733,89066,66651,30319,6120,578,56,11,0,0.0,0,1,0,0,0,0,0,0,0,0,0,0,0,0,0,0,0,0,1000,0,553,14085771,861964,21905777534,677222256,245,165,0,0.037,4,1,4503325,504,67,3,2,2,1,1,0,0,0,0,0,0,0,0,941861558,28023032
1779655565720,eth2-eth3-A,1.1.3.2.2,eth2-eth3,true,27963903,27344480,27967849,937566204,939251946,939867547,66,434470,324307,634326200,21267517380,0,0,0,0,0,0,198,0,500,500,3,4294967295,0,0,0,INCREASING,0,1460,1460,56000,56000,181,0,10.0.128.76:33025,10.0.128.11:0,0,1,547.794,58038,1,11,11,6,23,52,291,14730,48535,66912,89665,66830,30465,6129,580,56,11,3,551.764,58042,1,14,4,4,24,45,281,14404,47944,67049,89631,67074,30535,6150,582,56,11,0,0.0,0,1,0,0,0,0,0,0,0,0,0,0,0,0,0,0,0,0,1000,0,619,14167014,866964,22032536136,681142256,216,165,0,0.034,4,1,4529681,510,68,3,2,2,1,1,0,0,0,0,0,0,0,0,938611543,27996164
1779655566724,eth2-eth3-A,1.1.3.2.2,eth2-eth3,true,27970064,27491592,28062586,937578685,940065504,939904567,128,436970,326094,637976200,21385466624,0,0,0,0,0,0,198,0,500,500,3,4294967295,0,0,0,INCREASING,0,1460,1460,56000,56000,182,0,10.0.128.76:33025,10.0.128.11:0,0,1,504.843,58038,1,11,11,6,23,52,291,14778,48762,67215,90189,67283,30650,6174,582,56,11,3,508.74,58042,1,14,4,4,24,45,281,14451,48170,67352,90152,67531,30721,6195,584,56,11,0,0.0,0,1,0,0,0,0,0,0,0,0,0,0,0,0,0,0,0,0,1000,0,443,14245189,871964,22154706830,685062256,418,165,0,0.035,4,1,4555317,516,68,3,2,2,1,1,0,0,0,0,0,0,0,0,939834613,29083665
1779655567776,eth2-eth3-A,1.1.3.2.2,eth2-eth3,true,27968689,27473117,28039346,937592978,940903429,939901968,121,439470,327997,641626200,21509203332,0,0,0,0,0,0,199,0,500,500,4,4294967295,0,0,0,INCREASING,0,1460,1460,56000,56000,183,0,10.0.128.76:33025,10.0.128.11:0,0,1,490.037,58038,1,11,11,6,23,52,291,14858,49016,67575,90711,67727,30855,6201,592,57,11,3,494.143,58042,1,14,4,4,24,45,281,14528,48421,67713,90677,67976,30927,6222,594,57,11,0,0.0,0,1,0,0,0,0,0,0,0,0,0,0,0,0,0,0,0,0,1000,0,400,14327364,876964,22282880988,688982256,400,165,0,0.035,3,1,4581979,518,69,3,2,2,1,1,0,0,0,0,0,0,0,0,940963558,27756653
1779655568849,eth2-eth3-A,1.1.3.2.2,eth2-eth3,true,27964450,27262418,28005146,937607799,940371600,939894824,122,441970,329914,645276200,21635182780,0,0,0,0,0,0,203,0,500,500,4,4294967295,0,0,0,INCREASING,0,1460,1460,56000,56000,184,0,10.0.128.76:33025,10.0.128.11:0,0,1,498.017,58038,1,11,11,6,23,52,293,14936,49268,67924,91250,68149,31086,6241,596,57,11,3,501.015,58042,1,14,4,4,24,45,282,14608,48668,68060,91220,68400,31157,6263,598,57,11,0,0.0,0,1,0,0,0,0,0,0,0,0,0,0,0,0,0,0,0,0,1000,0,404,14411016,881964,22413377644,692902256,404,165,0,0.04,3,1,4609016,522,69,3,2,2,1,1,0,0,0,0,0,0,0,0,939268950,27213420
1779655569924,eth2-eth3-A,1.1.3.2.2,eth2-eth3,true,27959809,27307946,27970095,937617748,939846776,939889791,121,444470,331836,648926200,21761404720,0,0,0,0,0,0,204,0,500,500,4,4294967295,0,0,0,INCREASING,0,1460,1460,56000,56000,185,0,10.0.128.76:33025,10.0.128.11:0,0,1,628.227,58038,1,11,11,6,23,52,294,14992,49529,68300,91809,68554,31300,6283,604,57,11,3,631.474,58042,1,14,4,4,24,45,283,14662,48926,68436,91785,68803,31372,6305,606,57,11,0,0.0,0,1,0,0,0,0,0,0,0,0,0,0,0,0,0,0,0,0,1000,0,604,14494944,886964,22544131696,696822256,405,165,0,0.031,3,1,4636025,524,70,3,2,2,1,1,0,0,0,0,0,0,0,0,939326065,27162790
1779655571041,eth2-eth3-A,1.1.3.2.2,eth2-eth3,true,27974509,29494949,28052401,937430388,939428632,939876388,115,447470,333837,653306200,21892397752,0,0,0,0,0,0,204,0,500,500,4,4294967295,0,0,0,INCREASING,0,1460,1460,56000,56000,186,0,10.0.128.76:33025,10.0.128.11:0,0,1,552.981,58038,1,11,11,6,23,52,295,15061,49795,68640,92411,69009,31518,6326,611,57,11,3,556.863,58042,1,14,4,4,24,45,283,14732,49189,68775,92387,69262,31590,6348,613,57,11,0,0.0,0,1,0,0,0,0,0,0,0,0,0,0,0,0,0,0,0,0,1000,0,502,14581977,892964,22679824510,701526256,387,165,0,0.046,3,1,4664239,528,71,3,2,2,1,1,0,0,0,0,0,0,0,0,939018150,31397849
1779655572181,eth2-eth3-A,1.1.3.2.2,eth2-eth3,true,27965698,27519352,27986126,937644267,939992040,939900835,69,449970,335867,656956200,22026670308,0,0,0,0,0,0,206,0,500,500,4,4294967295,0,0,0,INCREASING,0,1460,1460,56000,56000,187,0,10.0.128.76:33025,10.0.128.11:0,0,1,488.467,58038,1,11,11,6,23,52,295,15134,50037,69012,93043,69459,31739,6364,613,57,11,3,491.552,58042,1,14,4,4,24,45,283,14804,49429,69142,93023,69716,31811,6386,615,57,11,0,0.0,0,1,0,0,0,0,0,0,0,0,0,0,0,0,0,0,0,0,1000,0,354,14670741,897964,22818890322,705446256,235,165,0,0.034,3,1,4693788,532,71,3,2,2,1,1,0,0,0,0,0,0,0,0,941437728,25591586
1779655573328,eth2-eth3-A,1.1.3.2.2,eth2-eth3,true,27951002,27478200,27918534,937658045,939929176,939867801,59,452476,337939,660614960,22161313500,0,0,0,0,0,0,208,0,500,500,3,4294967295,0,0,0,INCREASING,0,1460,1460,56000,56000,189,0,10.0.128.76:33025,10.0.128.11:0,0,1,528.468,58038,1,11,11,6,23,52,296,15195,50280,69369,93682,69939,31979,6413,615,57,11,3,531.65,58042,1,14,4,4,24,45,284,14865,49672,69493,93666,70198,32051,6435,617,57,11,0,0.0,0,1,0,0,0,0,0,0,0,0,0,0,0,0,0,0,0,0,1000,0,516,14759736,902976,22958339244,709375664,202,165,0,0.044,2,1,4723299,535,71,3,2,2,1,1,0,0,0,0,0,0,0,0,939098113,25518814
1779655574666,eth2-eth3-A,1.1.3.2.2,eth2-eth3,true,27968918,27289717,27993161,937670743,939609984,939872811,0,455970,340341,665716200,22318439036,0,0,0,0,0,0,209,0,500,500,4,4294967295,0,0,0,INCREASING,0,1460,1460,56000,56000,190,0,10.0.128.76:33025,10.0.128.11:0,0,1,544.86,58038,1,11,11,6,23,52,296,15263,50563,69776,94455,70498,32242,6453,624,57,11,3,548.436,58042,1,14,4,4,24,45,284,14933,49954,69897,94436,70763,32315,6475,626,57,11,0,0.0,0,1,0,0,0,0,0,0,0,0,0,0,0,0,0,0,0,0,1000,0,392,14863814,909964,23121084992,714854256,0,165,0,0.039,4,1,4757701,543,72,3,2,2,1,1,0,0,0,0,0,0,0,0,939465088,30500687
1779655575708,eth2-eth3-A,1.1.3.2.2,eth2-eth3,true,27969213,27362784,27973470,937690940,940848650,939909148,0,458470,342221,669366200,22441054000,0,0,0,0,0,0,209,0,500,500,4,4294967295,0,0,0,INCREASING,0,1460,1460,56000,56000,191,0,10.0.128.76:33025,10.0.128.11:0,0,1,523.859,58038,1,11,11,6,23,52,296,15317,50793,70124,95022,70920,32467,6486,625,57,11,3,527.515,58042,1,14,4,4,24,45,285,14985,50181,70243,95009,71184,32541,6508,627,57,11,0,0.0,0,1,0,0,0,0,0,0,0,0,0,0,0,0,0,0,0,0,1000,0,726,14945177,914964,23248093558,718774256,0,165,0,0.038,4,1,4784407,545,74,3,2,2,1,1,0,0,0,0,0,0,0,0,941381681,28023032
1779655576748,eth2-eth3-A,1.1.3.2.2,eth2-eth3,true,27969795,27454666,28051314,937700371,940756802,939909466,0,460970,344060,673016200,22563180772,0,0,0,0,0,0,209,0,500,500,4,4294967295,0,0,0,INCREASING,0,1460,1460,56000,56000,192,0,10.0.128.76:33025,10.0.128.11:0,0,1,516.493,58038,1,11,11,6,23,52,296,15372,51003,70503,95556,71323,32680,6530,626,57,11,3,519.825,58042,1,14,4,4,24,45,285,15041,50389,70621,95545,71587,32753,6553,628,57,11,0,0.0,0,1,0,0,0,0,0,0,0,0,0,0,0,0,0,0,0,0,1000,0,421,15025913,919964,23374580074,722694256,0,165,0,0.035,4,1,4811076,550,74,3,2,2,1,1,0,0,0,0,0,0,0,0,939436707,28076923
1779655577750,eth2-eth3-A,1.1.3.2.2,eth2-eth3,true,27975863,29274218,28051548,937722464,940798405,939937852,0,463470,345874,676666200,22681162116,0,0,0,0,0,0,209,0,500,500,4,4294967295,0,0,0,INCREASING,0,1460,1460,56000,56000,193,0,10.0.128.76:33025,10.0.128.11:0,0,1,703.171,58038,1,11,11,6,23,52,296,15438,51273,70849,96065,71704,32890,6556,629,60,11,3,706.824,58042,1,14,4,4,24,45,286,15104,50656,70967,96058,71969,32963,6579,631,60,11,0,0.0,0,1,0,0,0,0,0,0,0,0,0,0,0,0,0,0,0,0,1000,0,1430,15104445,924964,23496802146,726614256,0,165,0,0.034,3,1,4836179,554,74,3,2,2,1,1,0,0,0,0,0,0,0,0,941966818,29141716
1779655578831,eth2-eth3-A,1.1.3.2.2,eth2-eth3,true,27970365,27335338,28013571,937719753,940159858,939886738,0,465970,347808,680316200,22807923128,0,0,0,0,0,0,211,0,500,500,4,4294967295,0,0,0,INCREASING,0,1460,1460,56000,56000,194,0,10.0.128.76:33025,10.0.128.11:0,0,1,477.736,58038,1,11,11,6,23,52,296,15517,51539,71192,96626,72129,33100,6605,630,60,11,3,480.715,58042,1,14,4,4,24,45,287,15179,50920,71315,96618,72395,33173,6628,632,60,11,0,0.0,0,1,0,0,0,0,0,0,0,0,0,0,0,0,0,0,0,0,1000,0,304,15188412,929964,23628097376,730534256,0,165,0,0.034,4,1,4863920,556,75,3,2,2,1,1,0,0,0,0,0,0,0,0,938101846,27012025
1779655579833,eth2-eth3-A,1.1.3.2.2,eth2-eth3,true,27976509,29441613,28012635,937739058,940286781,939898490,0,468470,349609,683966200,22925727296,0,0,0,0,0,0,213,0,500,500,4,4294967295,0,0,0,INCREASING,0,1460,1460,56000,56000,195,0,10.0.128.76:33025,10.0.128.11:0,0,1,630.764,58038,1,11,11,6,23,52,296,15604,51771,71511,97154,72540,33284,6639,633,63,11,3,634.69,58042,1,14,4,4,24,45,287,15261,51153,71634,97148,72808,33357,6662,635,63,11,0,0.0,0,1,0,0,0,0,0,0,0,0,0,0,0,0,0,0,0,0,1000,0,556,15266468,934964,23750116568,734454256,0,165,0,0.041,4,1,4889389,560,76,3,2,2,1,1,0,0,0,0,0,0,0,0,940552239,29141716
1779655580895,eth2-eth3-A,1.1.3.2.2,eth2-eth3,true,27968221,29323256,27983638,937551697,939704173,939891070,0,470970,351505,687616200,23050294456,0,0,0,0,0,0,214,0,500,500,4,4294967295,0,0,0,INCREASING,0,1460,1460,56000,56000,196,0,10.0.128.76:33025,10.0.128.11:0,0,1,474.673,58038,1,11,11,6,23,52,298,15663,52000,71858,97700,73024,33470,6676,639,63,11,3,477.946,58042,1,14,4,4,24,45,289,15323,51379,71979,97691,73296,33543,6700,641,63,11,0,0.0,0,1,0,0,0,0,0,0,0,0,0,0,0,0,0,0,0,0,1000,0,292,15348999,939964,23879140402,738374256,0,165,0,0.044,4,1,4916341,563,77,3,2,2,1,1,0,0,0,0,0,0,0,0,938359020,27495291
1779655581965,eth2-eth3-A,1.1.3.2.2,eth2-eth3,true,27964550,27482352,28047192,937568743,940392368,939920126,0,473470,353438,691266200,23176113356,0,0,0,0,0,0,214,0,500,500,4,4294967295,0,0,0,INCREASING,0,1460,1460,56000,56000,197,0,10.0.128.76:33025,10.0.128.11:0,0,1,642.094,58038,1,11,11,6,23,52,298,15741,52264,72169,98245,73499,33700,6703,642,63,11,3,645.212,58042,1,14,4,4,24,45,290,15400,51645,72287,98237,73770,33774,6727,644,63,11,0,0.0,0,1,0,0,0,0,0,0,0,0,0,0,0,0,0,0,0,0,1000,0,879,15432374,944964,24009461552,742294256,0,165,0,0.036,4,1,4943631,568,77,3,2,2,1,1,0,0,0,0,0,0,0,0,940702056,27289719
1779655583080,eth2-eth3-A,1.1.3.2.2,eth2-eth3,true,27960215,27436240,27935548,937772699,939966698,939928604,0,475970,355426,694916200,23307168224,0,0,0,0,0,0,216,0,500,500,4,4294967295,0,0,0,INCREASING,0,1460,1460,56000,56000,198,0,10.0.128.76:33025,10.0.128.11:0,0,1,609.365,58038,1,11,11,6,23,52,298,15818,52519,72523,98780,73986,33926,6751,648,63,11,3,612.314,58042,1,14,4,4,24,45,290,15478,51895,72645,98772,74257,34000,6775,650,63,11,0,0.0,0,1,0,0,0,0,0,0,0,0,0,0,0,0,0,0,0,0,1000,0,611,15519038,949964,24145196276,746214256,0,165,0,0.039,3,1,4972267,569,78,3,2,2,1,1,0,0,0,0,0,0,0,0,940303985,26188340
1779655584132,eth2-eth3-A,1.1.3.2.2,eth2-eth3,true,27959143,27417840,28007947,937780027,939895200,939889750,0,478470,357305,698566200,23430668436,0,0,0,0,0,0,216,0,500,500,4,4294967295,0,0,0,INCREASING,0,1460,1460,56000,56000,199,0,10.0.128.76:33025,10.0.128.11:0,0,1,579.28,58038,1,11,11,6,23,52,298,15887,52740,72845,99319,74478,34124,6786,651,63,11,3,582.294,58042,1,14,4,4,24,45,290,15546,52115,72966,99309,74754,34198,6810,653,63,11,0,0.0,0,1,0,0,0,0,0,0,0,0,0,0,0,0,0,0,0,0,1000,0,487,15600768,954964,24273109908,750134256,0,165,0,0.041,3,1,4999288,572,78,3,2,2,1,1,0,0,0,0,0,0,0,0,939165110,27756653
1779655585192,eth2-eth3-A,1.1.3.2.2,eth2-eth3,true,27957180,27349624,27982142,937790482,940213816,939918386,0,480976,359221,702224960,23555304112,0,0,0,0,0,0,218,0,500,500,4,4294967295,0,0,0,INCREASING,0,1460,1460,56000,56000,200,0,10.0.128.76:33025,10.0.128.11:0,0,1,513.605,58038,1,11,11,6,23,52,298,15957,52954,73180,99888,74961,34342,6813,651,63,11,3,516.63,58042,1,14,4,4,24,45,290,15615,52326,73303,99878,75238,34416,6838,653,63,11,0,0.0,0,1,0,0,0,0,0,0,0,0,0,0,0,0,0,0,0,0,1000,0,533,15683300,959976,24402202312,754063664,0,165,0,0.039,3,1,5026507,576,78,3,2,2,1,1,0,0,0,0,0,0,0,0,940646611,27613283
1779655586233,eth2-eth3-A,1.1.3.2.2,eth2-eth3,true,27957796,27432141,27962936,937798500,940041418,939880944,0,483476,361079,705874960,23677419316,0,0,0,0,0,0,218,0,500,500,4,4294967295,0,0,0,INCREASING,0,1460,1460,56000,56000,201,0,10.0.128.76:33025,10.0.128.11:0,0,1,601.153,58038,1,11,11,6,23,52,299,16030,53213,73497,100394,75402,34571,6845,651,63,11,3,604.413,58042,1,14,4,4,24,45,291,15686,52584,73620,100383,75683,34645,6870,653,63,11,0,0.0,0,1,0,0,0,0,0,0,0,0,0,0,0,0,0,0,0,0,1000,0,786,15764528,964976,24528703828,757983664,0,165,0,0.039,3,1,5052379,578,79,3,2,2,1,1,0,0,0,0,0,0,0,0,938445371,28049951
1779655587336,eth2-eth3-A,1.1.3.2.2,eth2-eth3,true,27978145,29411933,28011230,937817782,940372064,939903128,20,486470,363041,710246200,23807207760,0,0,0,0,0,0,219,0,500,500,4,4294967295,0,0,0,INCREASING,0,1460,1460,56000,56000,203,0,10.0.128.76:33025,10.0.128.11:0,0,1,569.927,58038,1,11,11,6,23,52,299,16103,53481,73846,100935,75884,34784,6881,651,63,11,3,573.13,58042,1,14,4,4,24,45,291,15759,52849,73970,100923,76168,34858,6906,653,63,11,0,0.0,0,1,0,0,0,0,0,0,0,0,0,0,0,0,0,0,0,0,1000,0,584,15850765,970964,24663149070,762678256,76,165,0,0.033,3,1,5080111,583,80,3,2,2,1,1,0,0,0,0,0,0,0,0,941348641,31704369
1779655588414,eth2-eth3-A,1.1.3.2.2,eth2-eth3,true,27967961,27491592,27974763,937637251,939930952,939884178,23,488970,364984,713896200,23933659660,0,0,0,0,0,0,219,0,500,500,4,4294967295,0,0,0,INCREASING,0,1460,1460,56000,56000,204,0,10.0.128.76:33025,10.0.128.11:0,0,1,486.767,58038,1,11,11,6,23,52,299,16178,53726,74204,101460,76375,34974,6934,657,63,11,3,489.748,58042,1,14,4,4,24,45,291,15835,53090,74330,101448,76660,35048,6959,659,63,11,0,0.0,0,1,0,0,0,0,0,0,0,0,0,0,0,0,0,0,0,0,1000,0,361,15934588,975964,24794127412,766598256,86,165,0,0.034,4,1,5107398,587,82,3,2,2,1,1,0,0,0,0,0,0,0,0,938418552,27087198
1779655589506,eth2-eth3-A,1.1.3.2.2,eth2-eth3,true,27966742,27381109,27970288,937832873,940009568,939890214,0,491470,366946,717546200,24062095276,0,0,0,0,0,0,220,0,500,500,4,4294967295,0,0,0,INCREASING,0,1460,1460,56000,56000,205,0,10.0.128.76:33025,10.0.128.11:0,0,1,572.974,58038,1,11,11,6,23,52,299,16233,53990,74551,101999,76874,35191,6971,661,63,11,3,575.973,58042,1,14,4,4,24,45,291,15894,53350,74675,101989,77158,35266,6996,663,63,11,0,0.0,0,1,0,0,0,0,0,0,0,0,0,0,0,0,0,0,0,0,1000,0,590,16019930,980964,24927171496,770518256,0,165,0,0.039,4,1,5134988,587,86,3,2,2,1,1,0,0,0,0,0,0,0,0,940920263,26739926
1779655590548,eth2-eth3-A,1.1.3.2.2,eth2-eth3,true,27961469,27454666,27950560,937659769,940372704,939900077,43,493970,368802,721196200,24184589596,0,0,0,0,0,0,220,0,500,500,4,4294967295,0,0,0,INCREASING,0,1460,1460,56000,56000,206,0,10.0.128.76:33025,10.0.128.11:0,0,1,539.837,58038,1,11,11,6,23,52,299,16311,54223,74882,102517,77312,35414,7001,666,63,11,3,542.895,58042,1,14,4,4,24,45,292,15968,53583,75006,102507,77597,35491,7026,668,63,11,0,0.0,0,1,0,0,0,0,0,0,0,0,0,0,0,0,0,0,0,0,1000,0,485,16101176,985964,25054053100,774438256,159,165,0,0.033,4,1,5161345,593,86,3,2,2,1,1,0,0,0,0,0,0,0,0,940455431,28023032
1779655591650,eth2-eth3-A,1.1.3.2.2,eth2-eth3,true,27953960,27528618,28000670,937680368,940114704,939911832,58,496470,370787,724846200,24314051948,0,0,0,0,0,0,220,0,500,500,4,4294967295,0,0,0,INCREASING,0,1460,1460,56000,56000,207,0,10.0.128.76:33025,10.0.128.11:0,0,1,513.811,58038,1,11,11,6,23,52,300,16379,54489,75230,103104,77768,35643,7031,666,63,11,3,516.991,58042,1,14,4,4,24,45,293,16033,53849,75356,103092,78056,35720,7056,668,63,11,0,0.0,0,1,0,0,0,0,0,0,0,0,0,0,0,0,0,0,0,0,1000,0,396,16187103,990964,25188155510,778358256,217,165,0,0.039,4,1,5189040,598,87,3,2,2,1,1,0,0,0,0,0,0,0,0,939835586,26497277
1779655592761,eth2-eth3-A,1.1.3.2.2,eth2-eth3,true,27978426,29461432,28046384,937870948,940170112,939915047,20,499470,372780,729226200,24444551176,0,0,0,0,0,0,221,0,500,500,4,4294967295,0,0,0,INCREASING,0,1460,1460,56000,56000,208,0,10.0.128.76:33025,10.0.128.11:0,0,1,578.996,58038,1,11,11,6,23,52,300,16466,54757,75581,103665,78237,35838,7090,669,63,11,3,582.063,58042,1,14,4,4,24,45,293,16120,54111,75710,103655,78526,35915,7115,671,63,11,0,0.0,0,1,0,0,0,0,0,0,0,0,0,0,0,0,0,0,0,0,1000,0,664,16273751,996964,25323333730,783062256,77,165,0,0.032,3,1,5216885,604,89,3,2,2,1,1,0,0,0,0,0,0,0,0,939688410,31539153
1779655593850,eth2-eth3-A,1.1.3.2.2,eth2-eth3,true,27967036,27436240,28004678,937697616,940111816,939899824,3,501970,374731,732876200,24572366028,0,0,0,0,0,0,222,0,500,500,3,4294967295,0,0,0,INCREASING,0,1460,1460,56000,56000,209,0,10.0.128.76:33025,10.0.128.11:0,0,1,465.189,58038,1,11,11,6,23,52,300,16559,55031,75913,104188,78740,36036,7117,670,63,11,3,468.646,58042,1,14,4,4,24,45,293,16212,54385,76040,104178,79032,36113,7142,672,63,11,0,0.0,0,1,0,0,0,0,0,0,0,0,0,0,0,0,0,0,0,0,1000,0,305,16358776,1001964,25455739932,786982256,13,165,0,0.044,4,1,5244278,607,92,3,2,2,1,1,0,0,0,0,0,0,0,0,938952080,26813590
1779655594932,eth2-eth3-A,1.1.3.2.2,eth2-eth3,true,27967313,27417840,27966361,937887728,939993322,939881548,15,504470,376675,736526200,24699507796,0,0,0,0,0,0,223,0,500,500,3,4294967295,0,0,0,INCREASING,0,1460,1460,56000,56000,210,0,10.0.128.76:33025,10.0.128.11:0,0,1,520.102,58038,1,11,11,6,23,52,301,16662,55285,76255,104760,79158,36257,7147,673,63,11,3,523.179,58042,1,14,4,4,24,45,295,16311,54642,76377,104752,79453,36335,7171,675,63,11,0,0.0,0,1,0,0,0,0,0,0,0,0,0,0,0,0,0,0,0,0,1000,0,367,16443469,1006964,25587455122,790902256,57,165,0,0.038,4,1,5271278,612,93,3,2,2,1,1,0,0,0,0,0,0,0,0,940050040,26987060
1779655595935,eth2-eth3-A,1.1.3.2.2,eth2-eth3,true,27972740,27704413,27969054,937901452,940283234,939910038,58,506970,378466,740176200,24817458624,0,0,0,0,0,0,223,0,500,500,3,4294967295,0,0,0,INCREASING,0,1460,1460,56000,56000,211,0,10.0.128.76:33025,10.0.128.11:0,0,1,475.622,58038,1,11,11,6,23,52,302,16746,55559,76592,105234,79552,36454,7173,677,63,11,3,478.49,58042,1,14,4,4,24,45,297,16392,54915,76715,105226,79849,36532,7197,679,63,11,0,0.0,0,1,0,0,0,0,0,0,0,0,0,0,0,0,0,0,0,0,1000,0,412,16521975,1011964,25709645274,794822256,223,165,0,0.041,4,1,5296153,616,94,3,2,2,1,1,0,0,0,0,0,0,0,0,940784271,29112662
1779655596978,eth2-eth3-A,1.1.3.2.2,eth2-eth3,true,27972855,27362784,28042282,937905525,939718693,939885957,58,509470,380341,743826200,24939845816,0,0,0,0,0,0,225,0,500,500,4,4294967295,0,0,0,INCREASING,0,1460,1460,56000,56000,212,0,10.0.128.76:33025,10.0.128.11:0,0,1,535.236,58038,1,11,11,6,23,52,302,16829,55821,76914,105799,79973,36616,7225,685,63,11,3,537.797,58042,1,14,4,4,24,45,297,16475,55177,77037,105788,80273,36694,7249,687,63,11,0,0.0,0,1,0,0,0,0,0,0,0,0,0,0,0,0,0,0,0,0,1000,0,468,16603042,1016964,25836410084,798742256,221,165,0,0.032,4,1,5322754,620,94,3,2,2,1,1,0,0,0,0,0,0,0,0,938732057,27996164
1779655598018,eth2-eth3-A,1.1.3.2.2,eth2-eth3,true,27973361,27454666,28037259,937919354,940500274,939899736,103,511970,382199,747476200,25062143080,0,0,0,0,0,0,225,0,500,500,4,4294967295,0,0,0,INCREASING,0,1460,1460,56000,56000,213,0,10.0.128.76:33025,10.0.128.11:0,0,1,503.28,58038,1,11,11,6,23,52,302,16902,56071,77237,106341,80430,36792,7256,691,63,11,3,506.281,58042,1,14,4,4,24,45,297,16547,55426,77361,106330,80731,36869,7281,693,63,11,0,0.0,0,1,0,0,0,0,0,0,0,0,0,0,0,0,0,0,0,0,1000,0,411,16684194,1021964,25963089556,802662256,396,165,0,0.039,4,1,5349282,622,94,3,2,2,1,1,0,0,0,0,0,0,0,0,940748184,28076923
1779655599059,eth2-eth3-A,1.1.3.2.2,eth2-eth3,true,27973732,29186368,28043452,937918940,939381296,939873838,150,514470,384058,751126200,25184178712,0,0,0,0,0,0,225,0,500,500,4,4294967295,0,0,0,INCREASING,0,1460,1460,56000,56000,214,0,10.0.128.76:33025,10.0.128.11:0,0,1,550.165,58038,1,11,11,6,23,52,303,16993,56329,77566,106870,80865,36964,7293,695,63,14,3,553.066,58042,1,14,4,4,24,45,298,16638,55680,77693,106858,81167,37042,7318,697,63,14,0,0.0,0,1,0,0,0,0,0,0,0,0,0,0,0,0,0,0,0,0,1000,0,303,16765349,1026964,26089507558,806582256,580,165,0,0.041,2,1,5375191,624,94,3,2,2,1,1,0,0,0,0,0,0,0,0,937833867,28049951
1779655600094,eth2-eth3-A,1.1.3.2.2,eth2-eth3,true,27974878,28221445,28026982,937929341,939743805,939868464,142,516970,385924,754776200,25305802588,0,0,0,0,0,0,225,0,500,500,2,4294967295,0,0,0,INCREASING,0,1460,1460,56000,56000,215,0,10.0.128.76:33025,10.0.128.11:0,0,1,560.426,58038,1,11,11,6,23,52,303,17065,56591,77938,107402,81274,37138,7332,699,65,14,3,563.311,58042,1,14,4,4,24,45,298,16708,55942,78065,107391,81576,37217,7357,701,65,14,0,0.0,0,1,0,0,0,0,0,0,0,0,0,0,0,0,0,0,0,0,1000,0,585,16846336,1031964,26215504732,810502256,550,165,0,0.038,2,1,5400901,629,94,3,2,2,1,1,0,0,0,0,0,0,0,0,940087930,28212560
1779655601097,eth2-eth3-A,1.1.3.2.2,eth2-eth3,true,27974980,29229226,28025571,937768737,939814906,939882079,189,519470,387727,758426200,25423731016,0,0,0,0,0,0,227,0,500,500,3,4294967295,0,0,0,INCREASING,0,1460,1460,56000,56000,216,0,10.0.128.76:33025,10.0.128.11:0,0,1,515.578,58038,1,11,11,6,23,52,303,17133,56860,78241,107926,81675,37340,7364,703,65,14,3,518.51,58042,1,14,4,4,24,45,298,16775,56212,78369,107913,81978,37419,7389,705,65,14,0,0.0,0,1,0,0,0,0,0,0,0,0,0,0,0,0,0,0,0,0,1000,0,394,16924755,1036964,26337667786,814422256,735,165,0,0.029,2,1,5426049,633,94,3,2,2,1,1,0,0,0,0,0,0,0,0,940605607,29112662
1779655602138,eth2-eth3-A,1.1.3.2.2,eth2-eth3,true,27975338,29317266,28006304,937784417,939984224,939867374,0,521970,389587,762076200,25546185324,0,0,0,0,0,0,227,0,500,500,3,4294967295,0,0,0,INCREASING,0,1460,1460,56000,56000,217,0,10.0.128.76:33025,10.0.128.11:0,0,1,433.169,58038,1,11,11,6,23,52,303,17196,57117,78580,108497,82109,37495,7397,711,65,14,3,436.21,58042,1,14,4,4,24,45,298,16836,56465,78713,108484,82413,37574,7422,713,65,14,0,0.0,0,1,0,0,0,0,0,0,0,0,0,0,0,0,0,0,0,0,1000,0,255,17006269,1041964,26464523850,818342256,0,165,0,0.035,3,1,5452239,638,95,3,2,2,1,1,0,0,0,0,0,0,0,0,941051358,28049951
1779655603182,eth2-eth3-A,1.1.3.2.2,eth2-eth3,true,27975182,29376256,28082334,937781987,939770784,939892627,0,524470,391450,765726200,25668616892,0,0,0,0,0,0,228,0,500,500,3,4294967295,0,0,0,INCREASING,0,1460,1460,56000,56000,218,0,10.0.128.76:33025,10.0.128.11:0,0,1,521.36,58038,1,11,11,6,23,52,303,17259,57386,78896,109037,82544,37691,7433,719,65,14,3,524.891,58042,1,14,4,4,24,45,299,16893,56735,79030,109024,82850,37771,7458,721,65,14,0,0.0,0,1,0,0,0,0,0,0,0,0,0,0,0,0,0,0,0,0,1000,0,509,17087548,1046964,26591344484,822262256,0,165,0,0.033,3,1,5478525,645,95,3,2,2,1,1,0,0,0,0,0,0,0,0,938172934,27969348
1779655604344,eth2-eth3-A,1.1.3.2.2,eth2-eth3,true,27960286,27491592,28007486,937802339,940059608,939892998,0,526970,393548,769376200,25805272520,0,0,0,0,0,0,228,0,500,500,3,4294967295,0,0,0,INCREASING,0,1460,1460,56000,56000,220,0,10.0.128.76:33025,10.0.128.11:0,0,1,508.04,58038,1,11,11,6,23,52,303,17343,57680,79287,109627,83046,37882,7478,720,65,14,3,511.606,58042,1,14,4,4,24,45,299,16977,57025,79423,109613,83354,37962,7504,722,65,14,0,0.0,0,1,0,0,0,0,0,0,0,0,0,0,0,0,0,0,0,0,1000,0,425,17178438,1051964,26732908172,826182256,0,165,0,0.04,3,1,5507433,650,96,3,2,2,1,1,0,0,0,0,0,0,0,0,940830485,25129087
1779655605447,eth2-eth3-A,1.1.3.2.2,eth2-eth3,true,27953062,27303994,27960533,937809271,939827410,939900557,0,529476,395516,773034960,25934880944,0,0,0,0,0,0,228,0,500,500,3,4294967295,0,0,0,INCREASING,0,1460,1460,56000,56000,221,0,10.0.128.76:33025,10.0.128.11:0,0,1,472.093,58038,1,11,11,6,23,52,304,17429,57954,79645,110200,83481,38080,7514,725,67,14,3,475.811,58042,1,14,4,4,24,45,300,17062,57295,79786,110184,83790,38161,7540,727,67,14,0,0.0,0,1,0,0,0,0,0,0,0,0,0,0,0,0,0,0,0,0,1000,0,449,17264545,1056976,26867166374,830111664,0,165,0,0.038,4,1,5535166,656,98,3,2,2,1,1,0,0,0,0,0,0,0,0,940042966,26536790
1779655606551,eth2-eth3-A,1.1.3.2.2,eth2-eth3,true,27971672,29264432,28047220,937818742,939830317,939865250,0,532470,397505,777406200,26064444632,0,0,0,0,0,0,228,0,500,500,3,4294967295,0,0,0,INCREASING,0,1460,1460,56000,56000,222,0,10.0.128.76:33025,10.0.128.11:0,0,1,537.126,58038,1,11,11,6,23,52,304,17510,58206,80008,110803,83929,38276,7559,726,67,14,3,540.338,58042,1,14,4,4,24,45,301,17139,57547,80150,110785,84241,38358,7585,728,67,14,0,0.0,0,1,0,0,0,0,0,0,0,0,0,0,0,0,0,0,0,0,1000,0,621,17350425,1062964,27001367582,834806256,0,165,0,0.044,4,1,5563103,660,98,3,2,2,1,1,0,0,0,0,0,0,0,0,938867304,31675652
1779655607655,eth2-eth3-A,1.1.3.2.2,eth2-eth3,true,27964150,27390282,27998323,937825915,939334453,939851463,0,534970,399475,781056200,26194063968,0,0,0,0,0,0,229,0,500,500,3,4294967295,0,0,0,INCREASING,0,1460,1460,56000,56000,223,0,10.0.128.76:33025,10.0.128.11:0,0,1,567.519,58038,1,11,11,6,23,52,304,17578,58441,80377,111395,84378,38491,7593,732,69,14,3,571.465,58042,1,14,4,4,24,45,301,17205,57778,80516,111383,84693,38573,7619,734,69,14,0,0.0,0,1,0,0,0,0,0,0,0,0,0,0,0,0,0,0,0,0,1000,0,446,17436391,1067964,27135629082,838726256,0,165,0,0.038,4,1,5591097,664,99,3,2,2,1,1,0,0,0,0,0,0,0,0,939270550,26449275
1779655608752,eth2-eth3-A,1.1.3.2.2,eth2-eth3,true,27957574,27519352,27953339,937842598,940734082,939908920,0,537470,401450,784706200,26323131600,0,0,0,0,0,0,230,0,500,500,3,4294967295,0,0,0,INCREASING,0,1460,1460,56000,56000,224,0,10.0.128.76:33025,10.0.128.11:0,0,1,462.778,58038,1,11,11,6,23,52,304,17660,58714,80715,111960,84834,38718,7626,733,69,14,3,466.125,58042,1,14,4,4,24,45,301,17286,58051,80851,111947,85151,38803,7652,735,69,14,0,0.0,0,1,0,0,0,0,0,0,0,0,0,0,0,0,0,0,0,0,1000,0,359,17522213,1072964,27269331102,842646256,0,165,0,0.035,3,1,5618526,670,99,3,2,2,1,1,0,0,0,0,0,0,0,0,942099503,26642335
1779655609857,eth2-eth3-A,1.1.3.2.2,eth2-eth3,true,27975951,29229226,28001403,937848470,939825946,939861493,186,540470,403422,789086200,26452836732,0,0,0,0,0,0,230,0,500,500,3,4294967295,0,0,0,INCREASING,0,1460,1460,56000,56000,225,0,10.0.128.76:33025,10.0.128.11:0,0,1,518.265,58038,1,11,11,6,23,52,304,17723,58984,81078,112531,85276,38935,7669,736,69,14,3,521.968,58042,1,14,4,4,24,45,301,17347,58315,81219,112519,85595,39020,7695,738,69,14,0,0.0,0,1,0,0,0,0,0,0,0,0,0,0,0,0,0,0,0,0,1000,0,479,17608482,1078964,27403694760,847350256,754,165,0,0.044,3,1,5646117,676,100,3,2,2,1,1,0,0,0,0,0,0,0,0,938192636,31681735
