TimeStamp,Name,EID,CX-Name,IS_RUNNING,urls_processed,tx_bytes,rx_bytes,TOTAL_ERRORS,OK,UNSUPPORTED_PROTOCOL,URL_MALFORMAT,COULDNT_RESOLVE_PROXY,COULDNT_RESOLVE_HOST,COULDNT_CONNECT,OPERATION_TIMEOUTED,NOT_FOUND,HTTP_RANGE_ERROR,HTTP_POST_ERROR,HTTP_PORT_FAILED,ACCESS_DENIED,FTP_CANT_GET_HOST,FTP_COULDNT_STOR_FILE,FTP_PORT_FAILED,WRITE_ERROR,READ_ERROR,TOO_MANY_REDIRECTS,OTHER_ERROR,LF_CURL_ERRORS_MAX,rwlat_min,rwlat_avg,rwlat_max,rwlat_width,rwlat_0,rwlat_1,rwlat_2,rwlat_3,rwlat_4,rwlat_5,rwlat_6,rwlat_7,rwlat_8,rwlat_9,rwlat_10,rwlat_11,rwlat_12,rwlat_13,rwlat_14,rwlat_15,rwlat_16,rwlat_17,rwlat_18,rwlat_19,rwlat_20,rwlat_21,rwlat_22,rwlat_23,rwlat_24,rwlat_25,rwlat_26,rwlat_27,rwlat_28,rwlat_29,rwlat_30,rwlat_31,urllat_min,urllat_avg,urllat_max,urllat_width,urllat_0,urllat_1,urllat_2,urllat_3,urllat_4,urllat_5,urllat_6,urllat_7,urllat_8,urllat_9,urllat_10,urllat_11,urllat_12,urllat_13,urllat_14,urllat_15,urllat_16,urllat_17,urllat_18,urllat_19,urllat_20,urllat_21,urllat_22,urllat_23,urllat_24,urllat_25,urllat_26,urllat_27,urllat_28,urllat_29,urllat_30,urllat_31,dnslat_min,dnslat_avg,dnslat_max,dnslat_width,dnslat_0,dnslat_1,dnslat_2,dnslat_3,dnslat_4,dnslat_5,dnslat_6,dnslat_7,dnslat_8,dnslat_9,dnslat_10,dnslat_11,dnslat_12,dnslat_13,dnslat_14,dnslat_15,dnslat_16,dnslat_17,dnslat_18,dnslat_19,dnslat_20,dnslat_21,dnslat_22,dnslat_23,dnslat_24,dnslat_25,dnslat_26,dnslat_27,dnslat_28,dnslat_29,dnslat_30,dnslat_31,Rpt-Time
1779655488007,wlan92,1.16.2.3686.11,CX_wlan92,true,172,0,1761280,0,0,0,0,0,0,0,0,0,172,0,0,0,0,0,0,0,0,0,0,0,0,0,0,0,0,0,0,5,10.948,107,1,45,17,37,50,23,0,0,0,0,0,0,0,0,0,0,0,0,0,0,0,0,0,0,0,0,0,0,0,0,0,0,0,5,11.252,108,1,29,19,37,55,31,0,0,1,0,0,0,0,0,0,0,0,0,0,0,0,0,0,0,0,0,0,0,0,0,0,0,0,0,0.082,4,1,168,1,3,0,0,0,0,0,0,0,0,0,0,0,0,0,0,0,0,0,0,0,0,0,0,0,0,0,0,0,0,0,1779655488021
1779655489082,wlan92,1.16.2.3686.11,CX_wlan92,true,242,0,2478080,0,0,0,0,0,0,0,0,0,242,0,0,0,0,0,0,0,0,0,0,0,0,0,0,0,0,0,0,5,10.694,107,1,50,27,53,79,33,0,0,0,0,0,0,0,0,0,0,0,0,0,0,0,0,0,0,0,0,0,0,0,0,0,0,0,5,11.024,108,1,31,29,51,88,42,0,0,1,0,0,0,0,0,0,0,0,0,0,0,0,0,0,0,0,0,0,0,0,0,0,0,0,0,0.04,4,1,238,1,3,0,0,0,0,0,0,0,0,0,0,0,0,0,0,0,0,0,0,0,0,0,0,0,0,0,0,0,0,0,1779655489084
1779655490213,wlan92,1.16.2.3686.11,CX_wlan92,true,316,0,3235840,0,0,0,0,0,0,0,0,0,316,0,0,0,0,0,0,0,0,0,0,0,0,0,0,0,0,0,0,5,10.454,107,1,57,31,72,113,43,0,0,0,0,0,0,0,0,0,0,0,0,0,0,0,0,0,0,0,0,0,0,0,0,0,0,0,5,10.694,108,1,36,33,71,122,53,0,0,1,0,0,0,0,0,0,0,0,0,0,0,0,0,0,0,0,0,0,0,0,0,0,0,0,0,0.035,4,1,311,2,3,0,0,0,0,0,0,0,0,0,0,0,0,0,0,0,0,0,0,0,0,0,0,0,0,0,0,0,0,0,1779655490252
1779655491278,wlan92,1.16.2.3686.11,CX_wlan92,true,384,0,3932160,0,0,0,0,0,0,0,0,0,384,0,0,0,0,0,0,0,0,0,0,0,0,0,0,0,0,0,0,5,10.628,107,1,59,36,93,144,52,0,0,0,0,0,0,0,0,0,0,0,0,0,0,0,0,0,0,0,0,0,0,0,0,0,0,0,5,10.848,108,1,38,38,91,153,63,0,0,1,0,0,0,0,0,0,0,0,0,0,0,0,0,0,0,0,0,0,0,0,0,0,0,0,0,0.105,5,1,376,3,4,1,0,0,0,0,0,0,0,0,0,0,0,0,0,0,0,0,0,0,0,0,0,0,0,0,0,0,0,0,1779655491304
1779655492322,wlan92,1.16.2.3686.11,CX_wlan92,true,449,0,4597760,0,0,0,0,0,0,0,0,0,449,0,0,0,0,0,0,0,0,0,0,0,0,0,0,0,0,0,0,5,10.619,107,1,62,41,109,178,58,1,0,0,0,0,0,0,0,0,0,0,0,0,0,0,0,0,0,0,0,0,0,0,0,0,0,0,5,10.865,108,1,41,43,106,185,72,1,0,1,0,0,0,0,0,0,0,0,0,0,0,0,0,0,0,0,0,0,0,0,0,0,0,0,0,0.055,5,1,441,3,4,1,0,0,0,0,0,0,0,0,0,0,0,0,0,0,0,0,0,0,0,0,0,0,0,0,0,0,0,0,1779655492384
1779655493432,wlan92,1.16.2.3686.11,CX_wlan92,true,520,0,5324800,0,0,0,0,0,0,0,0,0,520,0,0,0,0,0,0,0,0,0,0,0,0,0,0,0,0,0,0,5,10.36,107,1,66,47,134,208,64,1,0,0,0,0,0,0,0,0,0,0,0,0,0,0,0,0,0,0,0,0,0,0,0,0,0,0,5,10.573,108,1,45,48,131,214,80,1,0,1,0,0,0,0,0,0,0,0,0,0,0,0,0,0,0,0,0,0,0,0,0,0,0,0,0,0.027,5,1,512,3,4,1,0,0,0,0,0,0,0,0,0,0,0,0,0,0,0,0,0,0,0,0,0,0,0,0,0,0,0,0,1779655493455
1779655494540,wlan92,1.16.2.3686.11,CX_wlan92,true,600,0,6144000,0,0,0,0,0,0,0,0,0,600,0,0,0,0,0,0,0,0,0,0,0,0,0,0,0,0,0,0,5,10.043,107,1,78,54,154,237,76,1,0,0,0,0,0,0,0,0,0,0,0,0,0,0,0,0,0,0,0,0,0,0,0,0,0,0,5,10.277,108,1,55,57,150,243,93,1,0,1,0,0,0,0,0,0,0,0,0,0,0,0,0,0,0,0,0,0,0,0,0,0,0,0,0,0.012,5,1,592,3,4,1,0,0,0,0,0,0,0,0,0,0,0,0,0,0,0,0,0,0,0,0,0,0,0,0,0,0,0,0,1779655494543
1779655495739,wlan92,1.16.2.3686.11,CX_wlan92,true,672,0,6881280,0,0,0,0,0,0,0,0,0,672,0,0,0,0,0,0,0,0,0,0,0,0,0,0,0,0,0,0,5,10.255,107,1,84,63,171,262,90,2,0,0,0,0,0,0,0,0,0,0,0,0,0,0,0,0,0,0,0,0,0,0,0,0,0,0,5,10.577,108,1,60,67,167,265,110,2,0,1,0,0,0,0,0,0,0,0,0,0,0,0,0,0,0,0,0,0,0,0,0,0,0,0,0,0.053,6,1,662,4,4,2,0,0,0,0,0,0,0,0,0,0,0,0,0,0,0,0,0,0,0,0,0,0,0,0,0,0,0,0,1779655495740
1779655496843,wlan92,1.16.2.3686.11,CX_wlan92,true,739,0,7577600,0,0,0,0,0,0,0,0,0,739,0,0,0,0,0,0,0,0,0,0,0,0,0,0,0,0,0,0,5,10.511,107,1,89,70,189,287,102,3,0,0,0,0,0,0,0,0,0,0,0,0,0,0,0,0,0,0,0,0,0,0,0,0,0,0,5,10.795,108,1,63,75,184,290,123,3,0,1,0,0,0,0,0,0,0,0,0,0,0,0,0,0,0,0,0,0,0,0,0,0,0,0,0,0.033,6,1,729,4,4,2,0,0,0,0,0,0,0,0,0,0,0,0,0,0,0,0,0,0,0,0,0,0,0,0,0,0,0,0,1779655496891
1779655497954,wlan92,1.16.2.3686.11,CX_wlan92,true,802,0,8212480,0,0,0,0,0,0,0,0,0,802,0,0,0,0,0,0,0,0,0,0,0,0,0,0,0,0,0,0,4,11.047,107,1,94,77,200,305,118,8,0,0,0,0,0,0,0,0,0,0,0,0,0,0,0,0,0,0,0,0,0,0,0,0,0,0,4,11.289,108,1,68,82,194,307,142,8,0,1,0,0,0,0,0,0,0,0,0,0,0,0,0,0,0,0,0,0,0,0,0,0,0,0,0,0.047,6,1,791,4,5,2,0,0,0,0,0,0,0,0,0,0,0,0,0,0,0,0,0,0,0,0,0,0,0,0,0,0,0,0,1779655497977
1779655499098,wlan92,1.16.2.3686.11,CX_wlan92,true,871,0,8919040,0,0,0,0,0,0,0,0,0,871,0,0,0,0,0,0,0,0,0,0,0,0,0,0,0,0,0,0,4,10.979,107,1,94,81,211,339,138,8,0,0,0,0,0,0,0,0,0,0,0,0,0,0,0,0,0,0,0,0,0,0,0,0,0,0,4,11.186,108,1,68,84,207,340,163,8,0,1,0,0,0,0,0,0,0,0,0,0,0,0,0,0,0,0,0,0,0,0,0,0,0,0,0,0.101,6,1,856,5,8,2,0,0,0,0,0,0,0,0,0,0,0,0,0,0,0,0,0,0,0,0,0,0,0,0,0,0,0,0,1779655499111
1779655500130,wlan92,1.16.2.3686.11,CX_wlan92,true,941,0,9646080,0,0,0,0,0,0,0,0,0,941,0,0,0,0,0,0,0,0,0,0,0,0,0,0,0,0,0,0,3,10.242,107,1,97,89,229,365,152,10,0,0,0,0,0,0,0,0,0,0,0,0,0,0,0,0,0,0,0,0,0,0,0,0,0,0,4,10.392,108,1,73,90,224,368,175,10,0,1,0,0,0,0,0,0,0,0,0,0,0,0,0,0,0,0,0,0,0,0,0,0,0,0,0,0.102,10,1,925,5,8,2,1,0,0,0,0,0,0,0,0,0,0,0,0,0,0,0,0,0,0,0,0,0,0,0,0,0,0,0,1779655500144
1779655501382,wlan92,1.16.2.3686.11,CX_wlan92,true,1014,0,10383360,0,0,0,0,0,0,0,0,0,1014,0,0,0,0,0,0,0,0,0,0,0,0,0,0,0,0,0,0,3,10.686,107,1,97,94,240,398,173,11,1,0,0,0,0,0,0,0,0,0,0,0,0,0,0,0,0,0,0,0,0,0,0,0,0,0,4,10.914,108,1,77,92,238,402,192,11,1,1,0,0,0,0,0,0,0,0,0,0,0,0,0,0,0,0,0,0,0,0,0,0,0,0,0,0.094,10,1,996,6,9,2,1,0,0,0,0,0,0,0,0,0,0,0,0,0,0,0,0,0,0,0,0,0,0,0,0,0,0,0,1779655501390
1779655502497,wlan92,1.16.2.3686.11,CX_wlan92,true,1096,0,11223040,0,0,0,0,0,0,0,0,0,1096,0,0,0,0,0,0,0,0,0,0,0,0,0,0,0,0,0,0,3,9.818,107,1,97,96,267,434,190,11,1,0,0,0,0,0,0,0,0,0,0,0,0,0,0,0,0,0,0,0,0,0,0,0,0,0,4,10.047,108,1,78,100,266,438,201,11,1,1,0,0,0,0,0,0,0,0,0,0,0,0,0,0,0,0,0,0,0,0,0,0,0,0,0,0.049,10,1,1078,6,9,2,1,0,0,0,0,0,0,0,0,0,0,0,0,0,0,0,0,0,0,0,0,0,0,0,0,0,0,0,1779655502511
1779655503551,wlan92,1.16.2.3686.11,CX_wlan92,true,1166,0,11939840,0,0,0,0,0,0,0,0,0,1166,0,0,0,0,0,0,0,0,0,0,0,0,0,0,0,0,0,0,3,10.237,107,1,97,97,285,462,210,14,1,0,0,0,0,0,0,0,0,0,0,0,0,0,0,0,0,0,0,0,0,0,0,0,0,0,4,10.505,108,1,79,103,287,464,217,14,1,1,0,0,0,0,0,0,0,0,0,0,0,0,0,0,0,0,0,0,0,0,0,0,0,0,0,0.049,10,1,1147,7,9,2,1,0,0,0,0,0,0,0,0,0,0,0,0,0,0,0,0,0,0,0,0,0,0,0,0,0,0,0,1779655503583
1779655504692,wlan92,1.16.2.3686.11,CX_wlan92,true,1249,0,12789760,0,0,0,0,0,0,0,0,0,1249,0,0,0,0,0,0,0,0,0,0,0,0,0,0,0,0,0,0,3,9.816,107,1,98,100,305,508,223,14,1,0,0,0,0,0,0,0,0,0,0,0,0,0,0,0,0,0,0,0,0,0,0,0,0,0,4,10.112,108,1,83,112,310,497,230,15,1,1,0,0,0,0,0,0,0,0,0,0,0,0,0,0,0,0,0,0,0,0,0,0,0,0,0,0.095,10,1,1228,7,10,3,1,0,0,0,0,0,0,0,0,0,0,0,0,0,0,0,0,0,0,0,0,0,0,0,0,0,0,0,1779655504705
1779655505774,wlan92,1.16.2.3686.11,CX_wlan92,true,1306,0,13373440,0,0,0,0,0,0,0,0,0,1306,0,0,0,0,0,0,0,0,0,0,0,0,0,0,0,0,0,0,3,10.648,107,1,98,101,315,527,243,21,1,0,0,0,0,0,0,0,0,0,0,0,0,0,0,0,0,0,0,0,0,0,0,0,0,0,4,11.052,108,1,84,114,324,514,246,22,1,1,0,0,0,0,0,0,0,0,0,0,0,0,0,0,0,0,0,0,0,0,0,0,0,0,0,0.054,10,1,1285,7,10,3,1,0,0,0,0,0,0,0,0,0,0,0,0,0,0,0,0,0,0,0,0,0,0,0,0,0,0,0,1779655505804
1779655506817,wlan92,1.16.2.3686.11,CX_wlan92,true,1380,0,14131200,0,0,0,0,0,0,0,0,0,1380,0,0,0,0,0,0,0,0,0,0,0,0,0,0,0,0,0,0,3,10.1,107,1,98,103,331,567,258,22,1,0,0,0,0,0,0,0,0,0,0,0,0,0,0,0,0,0,0,0,0,0,0,0,0,0,4,10.364,108,1,86,119,345,550,255,23,1,1,0,0,0,0,0,0,0,0,0,0,0,0,0,0,0,0,0,0,0,0,0,0,0,0,0,0.056,10,1,1358,7,10,4,1,0,0,0,0,0,0,0,0,0,0,0,0,0,0,0,0,0,0,0,0,0,0,0,0,0,0,0,1779655506843
1779655507871,wlan92,1.16.2.3686.11,CX_wlan92,true,1451,0,14858240,0,0,0,0,0,0,0,0,0,1451,0,0,0,0,0,0,0,0,0,0,0,0,0,0,0,0,0,0,3,9.822,107,1,98,106,348,603,273,22,1,0,0,0,0,0,0,0,0,0,0,0,0,0,0,0,0,0,0,0,0,0,0,0,0,0,4,10.046,108,1,89,126,364,580,267,23,1,1,0,0,0,0,0,0,0,0,0,0,0,0,0,0,0,0,0,0,0,0,0,0,0,0,0,0.075,10,1,1427,8,11,4,1,0,0,0,0,0,0,0,0,0,0,0,0,0,0,0,0,0,0,0,0,0,0,0,0,0,0,0,1779655507872
1779655508946,wlan92,1.16.2.3686.11,CX_wlan92,true,1528,0,15646720,0,0,0,0,0,0,0,0,0,1528,0,0,0,0,0,0,0,0,0,0,0,0,0,0,0,0,0,0,3,9.941,107,1,98,109,360,648,289,23,1,0,0,0,0,0,0,0,0,0,0,0,0,0,0,0,0,0,0,0,0,0,0,0,0,0,4,10.125,108,1,92,126,388,617,279,24,1,1,0,0,0,0,0,0,0,0,0,0,0,0,0,0,0,0,0,0,0,0,0,0,0,0,0,0.073,10,1,1502,10,11,4,1,0,0,0,0,0,0,0,0,0,0,0,0,0,0,0,0,0,0,0,0,0,0,0,0,0,0,0,1779655508946
1779655510078,wlan92,1.16.2.3686.11,CX_wlan92,true,1605,0,16435200,0,0,0,0,0,0,0,0,0,1605,0,0,0,0,0,0,0,0,0,0,0,0,0,0,0,0,0,0,3,9.869,107,1,98,109,380,686,307,24,1,0,0,0,0,0,0,0,0,0,0,0,0,0,0,0,0,0,0,0,0,0,0,0,0,0,4,10.093,108,1,92,130,405,660,292,24,1,1,0,0,0,0,0,0,0,0,0,0,0,0,0,0,0,0,0,0,0,0,0,0,0,0,0,0.062,10,1,1578,11,11,4,1,0,0,0,0,0,0,0,0,0,0,0,0,0,0,0,0,0,0,0,0,0,0,0,0,0,0,0,1779655510103
1779655511231,wlan92,1.16.2.3686.11,CX_wlan92,true,1688,0,17295360,0,0,0,0,0,0,0,0,0,1688,0,0,0,0,0,0,0,0,0,0,0,0,0,0,0,0,0,0,3,9.614,107,1,99,116,398,725,326,24,1,0,0,0,0,0,0,0,0,0,0,0,0,0,0,0,0,0,0,0,0,0,0,0,0,0,4,9.723,108,1,99,137,424,697,304,25,1,1,0,0,0,0,0,0,0,0,0,0,0,0,0,0,0,0,0,0,0,0,0,0,0,0,0,0.067,10,1,1658,14,11,4,1,0,0,0,0,0,0,0,0,0,0,0,0,0,0,0,0,0,0,0,0,0,0,0,0,0,0,0,1779655511243
1779655512329,wlan92,1.16.2.3686.11,CX_wlan92,true,1748,0,17909760,0,0,0,0,0,0,0,0,0,1748,0,0,0,0,0,0,0,0,0,0,0,0,0,0,0,0,0,0,3,10.909,107,1,99,119,400,749,352,29,1,0,0,0,0,0,0,0,0,0,0,0,0,0,0,0,0,0,0,0,0,0,0,0,0,0,4,10.993,108,1,101,138,430,724,325,28,1,1,0,0,0,0,0,0,0,0,0,0,0,0,0,0,0,0,0,0,0,0,0,0,0,0,0,0.182,10,1,1715,14,12,5,2,0,0,0,0,0,0,0,0,0,0,0,0,0,0,0,0,0,0,0,0,0,0,0,0,0,0,0,1779655512333
1779655513510,wlan92,1.16.2.3686.11,CX_wlan92,true,1824,0,18677760,0,0,0,0,0,0,0,0,0,1824,0,0,0,0,0,0,0,0,0,0,0,0,0,0,0,0,0,0,3,10.669,107,1,99,123,425,770,375,31,1,0,0,0,0,0,0,0,0,0,0,0,0,0,0,0,0,0,0,0,0,0,0,0,0,0,4,10.873,108,1,104,144,453,742,348,31,1,1,0,0,0,0,0,0,0,0,0,0,0,0,0,0,0,0,0,0,0,0,0,0,0,0,0,0.103,10,1,1790,15,12,5,2,0,0,0,0,0,0,0,0,0,0,0,0,0,0,0,0,0,0,0,0,0,0,0,0,0,0,0,1779655513509
1779655514612,wlan92,1.16.2.3686.11,CX_wlan92,true,1879,0,19251200,0,0,0,0,0,0,0,0,0,1879,0,0,0,0,0,0,0,0,0,0,0,0,0,0,0,0,0,0,3,11.436,107,1,99,124,430,795,396,35,1,0,0,0,0,0,0,0,0,0,0,0,0,0,0,0,0,0,0,0,0,0,0,0,0,0,4,11.673,108,1,105,146,461,760,370,35,1,1,0,0,0,0,0,0,0,0,0,0,0,0,0,0,0,0,0,0,0,0,0,0,0,0,0,0.102,10,1,1843,16,13,5,2,0,0,0,0,0,0,0,0,0,0,0,0,0,0,0,0,0,0,0,0,0,0,0,0,0,0,0,1779655514612
1779655515677,wlan92,1.16.2.3686.11,CX_wlan92,true,1947,0,19947520,0,0,0,0,0,0,0,0,0,1947,0,0,0,0,0,0,0,0,0,0,0,0,0,0,0,0,0,0,3,10.828,107,1,99,125,442,831,411,39,1,0,0,0,0,0,0,0,0,0,0,0,0,0,0,0,0,0,0,0,0,0,0,0,0,0,4,11.055,108,1,105,154,479,788,380,39,1,1,0,0,0,0,0,0,0,0,0,0,0,0,0,0,0,0,0,0,0,0,0,0,0,0,0,0.052,10,1,1911,16,13,5,2,0,0,0,0,0,0,0,0,0,0,0,0,0,0,0,0,0,0,0,0,0,0,0,0,0,0,0,1779655515714
1779655516807,wlan92,1.16.2.3686.11,CX_wlan92,true,2006,0,20551680,0,0,0,0,0,0,0,0,0,2006,0,0,0,0,0,0,0,0,0,0,0,0,0,0,0,0,0,0,3,12.359,148,1,99,128,451,855,429,43,1,0,1,0,0,0,0,0,0,0,0,0,0,0,0,0,0,0,0,0,0,0,0,0,0,0,4,12.473,148,1,108,158,492,809,393,43,1,1,1,0,0,0,0,0,0,0,0,0,0,0,0,0,0,0,0,0,0,0,0,0,0,0,0,0.04,10,1,1969,17,13,5,2,0,0,0,0,0,0,0,0,0,0,0,0,0,0,0,0,0,0,0,0,0,0,0,0,0,0,0,1779655516812
1779655517945,wlan92,1.16.2.3686.11,CX_wlan92,true,2073,0,21227520,0,0,0,0,0,0,0,0,0,2073,0,0,0,0,0,0,0,0,0,0,0,0,0,0,0,0,0,0,3,11.65,148,1,99,129,459,887,453,44,1,0,1,0,0,0,0,0,0,0,0,0,0,0,0,0,0,0,0,0,0,0,0,0,0,0,4,11.821,148,1,109,162,507,835,412,45,1,1,1,0,0,0,0,0,0,0,0,0,0,0,0,0,0,0,0,0,0,0,0,0,0,0,0,0.039,10,1,2035,17,14,5,2,0,0,0,0,0,0,0,0,0,0,0,0,0,0,0,0,0,0,0,0,0,0,0,0,0,0,0,1779655517972
1779655519018,wlan92,1.16.2.3686.11,CX_wlan92,true,2142,0,21934080,0,0,0,0,0,0,0,0,0,2142,0,0,0,0,0,0,0,0,0,0,0,0,0,0,0,0,0,0,3,10.958,148,1,99,129,472,920,475,45,1,0,1,0,0,0,0,0,0,0,0,0,0,0,0,0,0,0,0,0,0,0,0,0,0,0,4,11.205,148,1,109,167,525,864,428,46,1,1,1,0,0,0,0,0,0,0,0,0,0,0,0,0,0,0,0,0,0,0,0,0,0,0,0,0.054,10,1,2103,17,15,5,2,0,0,0,0,0,0,0,0,0,0,0,0,0,0,0,0,0,0,0,0,0,0,0,0,0,0,0,1779655519035
1779655520059,wlan92,1.16.2.3686.11,CX_wlan92,true,2214,0,22671360,0,0,0,0,0,0,0,0,0,2214,0,0,0,0,0,0,0,0,0,0,0,0,0,0,0,0,0,0,3,10.449,148,1,99,131,485,963,489,45,1,0,1,0,0,0,0,0,0,0,0,0,0,0,0,0,0,0,0,0,0,0,0,0,0,0,4,10.633,148,1,111,172,545,895,442,46,1,1,1,0,0,0,0,0,0,0,0,0,0,0,0,0,0,0,0,0,0,0,0,0,0,0,0,0.026,10,1,2175,17,15,5,2,0,0,0,0,0,0,0,0,0,0,0,0,0,0,0,0,0,0,0,0,0,0,0,0,0,0,0,1779655520059
1779655521147,wlan92,1.16.2.3686.11,CX_wlan92,true,2292,0,23470080,0,0,0,0,0,0,0,0,0,2292,0,0,0,0,0,0,0,0,0,0,0,0,0,0,0,0,0,0,3,10.074,148,1,99,133,502,1000,510,46,1,0,1,0,0,0,0,0,0,0,0,0,0,0,0,0,0,0,0,0,0,0,0,0,0,0,4,10.258,148,1,112,178,572,923,457,47,1,1,1,0,0,0,0,0,0,0,0,0,0,0,0,0,0,0,0,0,0,0,0,0,0,0,0,0.022,10,1,2252,18,15,5,2,0,0,0,0,0,0,0,0,0,0,0,0,0,0,0,0,0,0,0,0,0,0,0,0,0,0,0,1779655521149
1779655522267,wlan92,1.16.2.3686.11,CX_wlan92,true,2370,0,24268800,0,0,0,0,0,0,0,0,0,2370,0,0,0,0,0,0,0,0,0,0,0,0,0,0,0,0,0,0,3,10.007,148,1,99,133,519,1042,529,46,1,0,1,0,0,0,0,0,0,0,0,0,0,0,0,0,0,0,0,0,0,0,0,0,0,0,4,10.171,148,1,112,180,594,963,471,47,1,1,1,0,0,0,0,0,0,0,0,0,0,0,0,0,0,0,0,0,0,0,0,0,0,0,0,0.045,10,1,2329,18,16,5,2,0,0,0,0,0,0,0,0,0,0,0,0,0,0,0,0,0,0,0,0,0,0,0,0,0,0,0,1779655522313
1779655523354,wlan92,1.16.2.3686.11,CX_wlan92,true,2445,0,25036800,0,0,0,0,0,0,0,0,0,2445,0,0,0,0,0,0,0,0,0,0,0,0,0,0,0,0,0,0,3,10.017,148,1,100,136,531,1078,550,48,1,0,1,0,0,0,0,0,0,0,0,0,0,0,0,0,0,0,0,0,0,0,0,0,0,0,4,10.154,148,1,116,183,610,1000,485,48,1,1,1,0,0,0,0,0,0,0,0,0,0,0,0,0,0,0,0,0,0,0,0,0,0,0,0,0.061,10,1,2403,18,16,6,2,0,0,0,0,0,0,0,0,0,0,0,0,0,0,0,0,0,0,0,0,0,0,0,0,0,0,0,1779655523411
1779655524505,wlan92,1.16.2.3686.11,CX_wlan92,true,2525,0,25856000,0,0,0,0,0,0,0,0,0,2525,0,0,0,0,0,0,0,0,0,0,0,0,0,0,0,0,0,0,3,10.112,148,1,102,140,542,1117,574,48,1,0,1,0,0,0,0,0,0,0,0,0,0,0,0,0,0,0,0,0,0,0,0,0,0,0,4,10.223,148,1,121,187,633,1031,502,48,1,1,1,0,0,0,0,0,0,0,0,0,0,0,0,0,0,0,0,0,0,0,0,0,0,0,0,0.027,10,1,2483,18,16,6,2,0,0,0,0,0,0,0,0,0,0,0,0,0,0,0,0,0,0,0,0,0,0,0,0,0,0,0,1779655524535
1779655525607,wlan92,1.16.2.3686.11,CX_wlan92,true,2593,0,26562560,0,0,0,0,0,0,0,0,0,2593,0,0,0,0,0,0,0,0,0,0,0,0,0,0,0,0,0,0,3,10.343,148,1,103,142,555,1147,596,49,1,0,1,0,0,0,0,0,0,0,0,0,0,0,0,0,0,0,0,0,0,0,0,0,0,0,3,10.367,148,1,122,189,646,1062,521,50,1,1,1,0,0,0,0,0,0,0,0,0,0,0,0,0,0,0,0,0,0,0,0,0,0,0,0,0.039,10,1,2550,18,17,6,2,0,0,0,0,0,0,0,0,0,0,0,0,0,0,0,0,0,0,0,0,0,0,0,0,0,0,0,1779655525661
1779655526722,wlan92,1.16.2.3686.11,CX_wlan92,true,2659,0,27238400,0,0,0,0,0,0,0,0,0,2659,0,0,0,0,0,0,0,0,0,0,0,0,0,0,0,0,0,0,3,10.771,148,1,103,143,565,1176,620,51,1,0,1,0,0,0,0,0,0,0,0,0,0,0,0,0,0,0,0,0,0,0,0,0,0,0,3,10.883,148,1,122,190,655,1089,548,52,1,1,1,0,0,0,0,0,0,0,0,0,0,0,0,0,0,0,0,0,0,0,0,0,0,0,0,0.02,10,1,2616,18,17,6,2,0,0,0,0,0,0,0,0,0,0,0,0,0,0,0,0,0,0,0,0,0,0,0,0,0,0,0,1779655526756
1779655527847,wlan92,1.16.2.3686.11,CX_wlan92,true,2733,0,27996160,0,0,0,0,0,0,0,0,0,2733,0,0,0,0,0,0,0,0,0,0,0,0,0,0,0,0,0,0,3,10.383,148,1,104,144,575,1218,639,52,1,0,1,0,0,0,0,0,0,0,0,0,0,0,0,0,0,0,0,0,0,0,0,0,0,0,3,10.537,148,1,122,192,664,1129,570,53,1,1,1,0,0,0,0,0,0,0,0,0,0,0,0,0,0,0,0,0,0,0,0,0,0,0,0,0.041,10,1,2688,20,17,6,2,0,0,0,0,0,0,0,0,0,0,0,0,0,0,0,0,0,0,0,0,0,0,0,0,0,0,0,1779655527860
1779655528912,wlan92,1.16.2.3686.11,CX_wlan92,true,2794,0,28620800,0,0,0,0,0,0,0,0,0,2794,0,0,0,0,0,0,0,0,0,0,0,0,0,0,0,0,0,0,3,10.844,148,1,105,146,579,1249,658,56,1,0,1,0,0,0,0,0,0,0,0,0,0,0,0,0,0,0,0,0,0,0,0,0,0,0,3,11.094,148,1,123,193,668,1161,588,58,1,1,1,0,0,0,0,0,0,0,0,0,0,0,0,0,0,0,0,0,0,0,0,0,0,0,0,0.104,10,1,2745,22,19,6,2,0,0,0,0,0,0,0,0,0,0,0,0,0,0,0,0,0,0,0,0,0,0,0,0,0,0,0,1779655528934
1779655529990,wlan92,1.16.2.3686.11,CX_wlan92,true,2860,0,29286400,0,0,0,0,0,0,0,0,0,2860,0,0,0,0,0,0,0,0,0,0,0,0,0,0,0,0,0,0,3,10.677,148,1,106,148,592,1276,676,60,1,0,1,0,0,0,0,0,0,0,0,0,0,0,0,0,0,0,0,0,0,0,0,0,0,0,3,10.992,148,1,124,194,680,1189,608,62,1,1,1,0,0,0,0,0,0,0,0,0,0,0,0,0,0,0,0,0,0,0,0,0,0,0,0,0.075,10,1,2810,22,20,6,2,0,0,0,0,0,0,0,0,0,0,0,0,0,0,0,0,0,0,0,0,0,0,0,0,0,0,0,1779655530012
1779655531089,wlan92,1.16.2.3686.11,CX_wlan92,true,2927,0,29972480,0,0,0,0,0,0,0,0,0,2927,0,0,0,0,0,0,0,0,0,0,0,0,0,0,0,0,0,0,3,10.969,148,1,108,150,595,1309,700,63,1,0,1,0,0,0,0,0,0,0,0,0,0,0,0,0,0,0,0,0,0,0,0,0,0,0,3,11.221,148,1,125,196,684,1222,632,65,1,1,1,0,0,0,0,0,0,0,0,0,0,0,0,0,0,0,0,0,0,0,0,0,0,0,0,0.052,10,1,2876,23,20,6,2,0,0,0,0,0,0,0,0,0,0,0,0,0,0,0,0,0,0,0,0,0,0,0,0,0,0,0,1779655531139
1779655532216,wlan92,1.16.2.3686.11,CX_wlan92,true,3001,0,30730240,0,0,0,0,0,0,0,0,0,3001,0,0,0,0,0,0,0,0,0,0,0,0,0,0,0,0,0,0,3,10.757,148,1,108,151,608,1350,717,65,1,0,1,0,0,0,0,0,0,0,0,0,0,0,0,0,0,0,0,0,0,0,0,0,0,0,3,10.961,148,1,125,197,697,1261,651,67,1,1,1,0,0,0,0,0,0,0,0,0,0,0,0,0,0,0,0,0,0,0,0,0,0,0,0,0.032,10,1,2950,23,20,6,2,0,0,0,0,0,0,0,0,0,0,0,0,0,0,0,0,0,0,0,0,0,0,0,0,0,0,0,1779655532223
1779655533326,wlan92,1.16.2.3686.11,CX_wlan92,true,3065,0,31385600,0,0,0,0,0,0,0,0,0,3065,0,0,0,0,0,0,0,0,0,0,0,0,0,0,0,0,0,0,3,11.551,148,1,108,153,613,1375,746,68,1,0,1,0,0,0,0,0,0,0,0,0,0,0,0,0,0,0,0,0,0,0,0,0,0,0,3,11.734,148,1,125,199,702,1285,681,70,1,1,1,0,0,0,0,0,0,0,0,0,0,0,0,0,0,0,0,0,0,0,0,0,0,0,0,0.059,10,1,3012,24,21,6,2,0,0,0,0,0,0,0,0,0,0,0,0,0,0,0,0,0,0,0,0,0,0,0,0,0,0,0,1779655533371
1779655534427,wlan92,1.16.2.3686.11,CX_wlan92,true,3139,0,32143360,0,0,0,0,0,0,0,0,0,3139,0,0,0,0,0,0,0,0,0,0,0,0,0,0,0,0,0,0,3,11.014,148,1,111,153,621,1415,767,70,1,0,1,0,0,0,0,0,0,0,0,0,0,0,0,0,0,0,0,0,0,0,0,0,0,0,3,11.267,148,1,128,199,710,1324,703,72,1,1,1,0,0,0,0,0,0,0,0,0,0,0,0,0,0,0,0,0,0,0,0,0,0,0,0,0.058,10,1,3085,25,21,6,2,0,0,0,0,0,0,0,0,0,0,0,0,0,0,0,0,0,0,0,0,0,0,0,0,0,0,0,1779655534466
1779655535570,wlan92,1.16.2.3686.11,CX_wlan92,true,3223,0,33003520,0,0,0,0,0,0,0,0,0,3223,0,0,0,0,0,0,0,0,0,0,0,0,0,0,0,0,0,0,3,10.031,148,1,111,159,643,1452,786,70,1,0,1,0,0,0,0,0,0,0,0,0,0,0,0,0,0,0,0,0,0,0,0,0,0,0,3,10.227,148,1,128,205,730,1363,722,72,1,1,1,0,0,0,0,0,0,0,0,0,0,0,0,0,0,0,0,0,0,0,0,0,0,0,0,0.043,10,1,3168,25,22,6,2,0,0,0,0,0,0,0,0,0,0,0,0,0,0,0,0,0,0,0,0,0,0,0,0,0,0,0,1779655535585
1779655536701,wlan92,1.16.2.3686.11,CX_wlan92,true,3304,0,33832960,0,0,0,0,0,0,0,0,0,3304,0,0,0,0,0,0,0,0,0,0,0,0,0,0,0,0,0,0,3,9.793,148,1,111,160,664,1498,797,72,1,0,1,0,0,0,0,0,0,0,0,0,0,0,0,0,0,0,0,0,0,0,0,0,0,0,3,10.021,148,1,128,205,751,1408,735,74,1,1,1,0,0,0,0,0,0,0,0,0,0,0,0,0,0,0,0,0,0,0,0,0,0,0,0,0.026,10,1,3249,25,22,6,2,0,0,0,0,0,0,0,0,0,0,0,0,0,0,0,0,0,0,0,0,0,0,0,0,0,0,0,1779655536754
1779655537795,wlan92,1.16.2.3686.11,CX_wlan92,true,3375,0,34570240,0,0,0,0,0,0,0,0,0,3375,0,0,0,0,0,0,0,0,0,0,0,0,0,0,0,0,0,0,3,10.115,148,1,115,161,675,1532,818,73,1,0,1,0,0,0,0,0,0,0,0,0,0,0,0,0,0,0,0,0,0,0,0,0,0,0,3,10.36,148,1,132,206,761,1440,757,76,1,1,1,0,0,0,0,0,0,0,0,0,0,0,0,0,0,0,0,0,0,0,0,0,0,0,0,0.04,10,1,3319,25,23,6,2,0,0,0,0,0,0,0,0,0,0,0,0,0,0,0,0,0,0,0,0,0,0,0,0,0,0,0,1779655537838
1779655538945,wlan92,1.16.2.3686.11,CX_wlan92,true,3437,0,35194880,0,0,0,0,0,0,0,0,0,3437,0,0,0,0,0,0,0,0,0,0,0,0,0,0,0,0,0,0,3,11.037,148,1,115,162,682,1555,844,77,1,0,1,0,0,0,0,0,0,0,0,0,0,0,0,0,0,0,0,0,0,0,0,0,0,0,3,11.325,148,1,132,207,768,1462,784,81,1,1,1,0,0,0,0,0,0,0,0,0,0,0,0,0,0,0,0,0,0,0,0,0,0,0,0,0.047,10,1,3380,25,24,6,2,0,0,0,0,0,0,0,0,0,0,0,0,0,0,0,0,0,0,0,0,0,0,0,0,0,0,0,1779655539003
1779655540084,wlan92,1.16.2.3686.11,CX_wlan92,true,3505,0,35891200,0,0,0,0,0,0,0,0,0,3505,0,0,0,0,0,0,0,0,0,0,0,0,0,0,0,0,0,0,3,11.074,148,1,115,163,690,1589,868,78,1,0,1,0,0,0,0,0,0,0,0,0,0,0,0,0,0,0,0,0,0,0,0,0,0,0,3,11.318,148,1,132,208,775,1496,809,82,1,1,1,0,0,0,0,0,0,0,0,0,0,0,0,0,0,0,0,0,0,0,0,0,0,0,0,0.054,10,1,3446,27,24,6,2,0,0,0,0,0,0,0,0,0,0,0,0,0,0,0,0,0,0,0,0,0,0,0,0,0,0,0,1779655540106
1779655541190,wlan92,1.16.2.3686.11,CX_wlan92,true,3562,0,36474880,0,0,0,0,0,0,0,0,0,3562,0,0,0,0,0,0,0,0,0,0,0,0,0,0,0,0,0,0,3,11.41,148,1,117,163,697,1611,889,83,1,0,1,0,0,0,0,0,0,0,0,0,0,0,0,0,0,0,0,0,0,0,0,0,0,0,3,11.828,148,1,133,209,781,1515,833,88,1,1,1,0,0,0,0,0,0,0,0,0,0,0,0,0,0,0,0,0,0,0,0,0,0,0,0,0.046,10,1,3502,28,24,6,2,0,0,0,0,0,0,0,0,0,0,0,0,0,0,0,0,0,0,0,0,0,0,0,0,0,0,0,1779655541221
1779655542297,wlan92,1.16.2.3686.11,CX_wlan92,true,3620,0,37068800,0,0,0,0,0,0,0,0,0,3620,0,0,0,0,0,0,0,0,0,0,0,0,0,0,0,0,0,0,3,11.908,148,1,118,164,701,1633,913,89,1,0,1,0,0,0,0,0,0,0,0,0,0,0,0,0,0,0,0,0,0,0,0,0,0,0,3,12.183,148,1,134,210,785,1537,857,94,1,1,1,0,0,0,0,0,0,0,0,0,0,0,0,0,0,0,0,0,0,0,0,0,0,0,0,0.093,10,1,3557,29,26,6,2,0,0,0,0,0,0,0,0,0,0,0,0,0,0,0,0,0,0,0,0,0,0,0,0,0,0,0,1779655542351
1779655543434,wlan92,1.16.2.3686.11,CX_wlan92,true,3685,0,37734400,0,0,0,0,0,0,0,0,0,3685,0,0,0,0,0,0,0,0,0,0,0,0,0,0,0,0,0,0,3,11.997,148,1,118,167,706,1658,941,93,1,0,1,0,0,0,0,0,0,0,0,0,0,0,0,0,0,0,0,0,0,0,0,0,0,0,3,12.201,148,1,134,213,790,1562,885,98,1,1,1,0,0,0,0,0,0,0,0,0,0,0,0,0,0,0,0,0,0,0,0,0,0,0,0,0.109,10,1,3619,30,28,6,2,0,0,0,0,0,0,0,0,0,0,0,0,0,0,0,0,0,0,0,0,0,0,0,0,0,0,0,1779655543502
1779655544573,wlan92,1.16.2.3686.11,CX_wlan92,true,3758,0,38481920,0,0,0,0,0,0,0,0,0,3758,0,0,0,0,0,0,0,0,0,0,0,0,0,0,0,0,0,0,3,11.199,148,1,118,170,716,1694,963,95,1,0,1,0,0,0,0,0,0,0,0,0,0,0,0,0,0,0,0,0,0,0,0,0,0,0,3,11.36,148,1,134,216,799,1599,907,100,1,1,1,0,0,0,0,0,0,0,0,0,0,0,0,0,0,0,0,0,0,0,0,0,0,0,0,0.098,10,1,3689,32,29,6,2,0,0,0,0,0,0,0,0,0,0,0,0,0,0,0,0,0,0,0,0,0,0,0,0,0,0,0,1779655544599
1779655545623,wlan92,1.16.2.3686.11,CX_wlan92,true,3813,0,39045120,0,0,0,0,0,0,0,0,0,3813,0,0,0,0,0,0,0,0,0,0,0,0,0,0,0,0,0,0,3,11.994,148,1,118,171,725,1709,991,97,1,0,1,0,0,0,0,0,0,0,0,0,0,0,0,0,0,0,0,0,0,0,0,0,0,0,3,12.168,148,1,134,216,807,1615,936,102,1,1,1,0,0,0,0,0,0,0,0,0,0,0,0,0,0,0,0,0,0,0,0,0,0,0,0,0.084,10,1,3743,32,30,6,2,0,0,0,0,0,0,0,0,0,0,0,0,0,0,0,0,0,0,0,0,0,0,0,0,0,0,0,1779655545623
1779655546687,wlan92,1.16.2.3686.11,CX_wlan92,true,3869,0,39628800,0,0,0,0,0,0,0,0,0,3869,0,0,0,0,0,0,0,0,0,0,0,0,0,0,0,0,0,0,3,12.043,148,1,118,172,731,1729,1019,99,1,0,1,0,0,0,0,0,0,0,0,0,0,0,0,0,0,0,0,0,0,0,0,0,0,0,3,12.142,148,1,134,217,813,1632,966,104,1,1,1,0,0,0,0,0,0,0,0,0,0,0,0,0,0,0,0,0,0,0,0,0,0,0,0,0.066,10,1,3798,32,31,6,2,0,0,0,0,0,0,0,0,0,0,0,0,0,0,0,0,0,0,0,0,0,0,0,0,0,0,0,1779655546698
1779655547730,wlan92,1.16.2.3686.11,CX_wlan92,true,3919,0,40140800,0,0,0,0,0,0,0,0,0,3919,0,0,0,0,0,0,0,0,0,0,0,0,0,0,0,0,0,0,3,12.342,148,1,118,172,732,1754,1036,106,1,0,1,0,0,0,0,0,0,0,0,0,0,0,0,0,0,0,0,0,0,0,0,0,0,0,3,12.406,148,1,134,217,814,1656,985,110,1,1,1,0,0,0,0,0,0,0,0,0,0,0,0,0,0,0,0,0,0,0,0,0,0,0,0,0.071,10,1,3847,32,31,7,2,0,0,0,0,0,0,0,0,0,0,0,0,0,0,0,0,0,0,0,0,0,0,0,0,0,0,0,1779655547743
1779655548859,wlan92,1.16.2.3686.11,CX_wlan92,true,3988,0,40837120,0,0,0,0,0,0,0,0,0,3988,0,0,0,0,0,0,0,0,0,0,0,0,0,0,0,0,0,0,3,11.493,148,1,118,172,739,1794,1054,109,1,0,1,0,0,0,0,0,0,0,0,0,0,0,0,0,0,0,0,0,0,0,0,0,0,0,3,11.637,148,1,134,217,820,1695,1005,114,1,1,1,0,0,0,0,0,0,0,0,0,0,0,0,0,0,0,0,0,0,0,0,0,0,0,0,0.085,10,1,3914,32,33,7,2,0,0,0,0,0,0,0,0,0,0,0,0,0,0,0,0,0,0,0,0,0,0,0,0,0,0,0,1779655548864
1779655549962,wlan92,1.16.2.3686.11,CX_wlan92,true,4043,0,41400320,0,0,0,0,0,0,0,0,0,4043,0,0,0,0,0,0,0,0,0,0,0,0,0,0,0,0,0,0,3,12.07,148,1,119,172,747,1819,1071,112,1,1,1,0,0,0,0,0,0,0,0,0,0,0,0,0,0,0,0,0,0,0,0,0,0,0,3,12.188,148,1,135,217,828,1719,1023,117,1,2,1,0,0,0,0,0,0,0,0,0,0,0,0,0,0,0,0,0,0,0,0,0,0,0,0,0.049,10,1,3969,32,33,7,2,0,0,0,0,0,0,0,0,0,0,0,0,0,0,0,0,0,0,0,0,0,0,0,0,0,0,0,1779655549967
1779655551074,wlan92,1.16.2.3686.11,CX_wlan92,true,4110,0,42086400,0,0,0,0,0,0,0,0,0,4110,0,0,0,0,0,0,0,0,0,0,0,0,0,0,0,0,0,0,3,11.569,148,1,119,172,754,1851,1098,113,1,1,1,0,0,0,0,0,0,0,0,0,0,0,0,0,0,0,0,0,0,0,0,0,0,0,3,11.693,148,1,135,217,835,1750,1051,118,1,2,1,0,0,0,0,0,0,0,0,0,0,0,0,0,0,0,0,0,0,0,0,0,0,0,0,0.034,10,1,4036,32,33,7,2,0,0,0,0,0,0,0,0,0,0,0,0,0,0,0,0,0,0,0,0,0,0,0,0,0,0,0,1779655551078
1779655552117,wlan92,1.16.2.3686.11,CX_wlan92,true,4183,0,42833920,0,0,0,0,0,0,0,0,0,4183,0,0,0,0,0,0,0,0,0,0,0,0,0,0,0,0,0,0,3,10.43,148,1,119,176,777,1883,1110,115,1,1,1,0,0,0,0,0,0,0,0,0,0,0,0,0,0,0,0,0,0,0,0,0,0,0,3,10.572,148,1,135,220,856,1785,1063,120,1,2,1,0,0,0,0,0,0,0,0,0,0,0,0,0,0,0,0,0,0,0,0,0,0,0,0,0.036,10,1,4108,33,33,7,2,0,0,0,0,0,0,0,0,0,0,0,0,0,0,0,0,0,0,0,0,0,0,0,0,0,0,0,1779655552117
1779655553161,wlan92,1.16.2.3686.11,CX_wlan92,true,4250,0,43520000,0,0,0,0,0,0,0,0,0,4250,0,0,0,0,0,0,0,0,0,0,0,0,0,0,0,0,0,0,3,10.44,148,1,119,179,790,1912,1129,118,1,1,1,0,0,0,0,0,0,0,0,0,0,0,0,0,0,0,0,0,0,0,0,0,0,0,3,10.585,148,1,135,223,869,1814,1082,123,1,2,1,0,0,0,0,0,0,0,0,0,0,0,0,0,0,0,0,0,0,0,0,0,0,0,0,0.07,10,1,4173,33,34,8,2,0,0,0,0,0,0,0,0,0,0,0,0,0,0,0,0,0,0,0,0,0,0,0,0,0,0,0,1779655553161
1779655554240,wlan92,1.16.2.3686.11,CX_wlan92,true,4309,0,44124160,0,0,0,0,0,0,0,0,0,4309,0,0,0,0,0,0,0,0,0,0,0,0,0,0,0,0,0,0,3,10.979,148,1,119,182,797,1936,1150,122,1,1,1,0,0,0,0,0,0,0,0,0,0,0,0,0,0,0,0,0,0,0,0,0,0,0,3,11.264,148,1,135,226,874,1840,1102,127,2,2,1,0,0,0,0,0,0,0,0,0,0,0,0,0,0,0,0,0,0,0,0,0,0,0,0,0.11,10,1,4229,35,34,9,2,0,0,0,0,0,0,0,0,0,0,0,0,0,0,0,0,0,0,0,0,0,0,0,0,0,0,0,1779655554279
1779655555376,wlan92,1.16.2.3686.11,CX_wlan92,true,4378,0,44830720,0,0,0,0,0,0,0,0,0,4378,0,0,0,0,0,0,0,0,0,0,0,0,0,0,0,0,0,0,3,10.753,148,1,119,183,806,1967,1177,123,1,1,1,0,0,0,0,0,0,0,0,0,0,0,0,0,0,0,0,0,0,0,0,0,0,0,3,10.941,148,1,135,227,882,1872,1129,128,2,2,1,0,0,0,0,0,0,0,0,0,0,0,0,0,0,0,0,0,0,0,0,0,0,0,0,0.096,10,1,4296,36,35,9,2,0,0,0,0,0,0,0,0,0,0,0,0,0,0,0,0,0,0,0,0,0,0,0,0,0,0,0,1779655555378
1779655556477,wlan92,1.16.2.3686.11,CX_wlan92,true,4462,0,45701120,0,0,0,0,0,0,0,0,0,4462,0,0,0,0,0,0,0,0,0,0,0,0,0,0,0,0,0,0,3,9.886,148,1,119,185,827,2017,1189,123,1,1,1,0,0,0,0,0,0,0,0,0,0,0,0,0,0,0,0,0,0,0,0,0,0,0,3,10.061,148,1,135,229,900,1923,1142,128,2,2,1,0,0,0,0,0,0,0,0,0,0,0,0,0,0,0,0,0,0,0,0,0,0,0,0,0.059,10,1,4380,36,35,9,2,0,0,0,0,0,0,0,0,0,0,0,0,0,0,0,0,0,0,0,0,0,0,0,0,0,0,0,1779655556489
1779655557550,wlan92,1.16.2.3686.11,CX_wlan92,true,4537,0,46469120,0,0,0,0,0,0,0,0,0,4537,0,0,0,0,0,0,0,0,0,0,0,0,0,0,0,0,0,0,3,9.629,148,1,120,189,841,2051,1211,123,1,1,1,0,0,0,0,0,0,0,0,0,0,0,0,0,0,0,0,0,0,0,0,0,0,0,3,9.801,148,1,136,231,916,1956,1164,129,2,2,1,0,0,0,0,0,0,0,0,0,0,0,0,0,0,0,0,0,0,0,0,0,0,0,0,0.036,10,1,4455,36,35,9,2,0,0,0,0,0,0,0,0,0,0,0,0,0,0,0,0,0,0,0,0,0,0,0,0,0,0,0,1779655557552
1779655558654,wlan92,1.16.2.3686.11,CX_wlan92,true,4594,0,47042560,0,0,0,0,0,0,0,0,0,4594,0,0,0,0,0,0,0,0,0,0,0,0,0,0,0,0,0,0,3,10.96,148,1,120,189,847,2074,1232,129,1,1,1,0,0,0,0,0,0,0,0,0,0,0,0,0,0,0,0,0,0,0,0,0,0,0,3,11.281,148,1,136,231,922,1978,1186,136,2,2,1,0,0,0,0,0,0,0,0,0,0,0,0,0,0,0,0,0,0,0,0,0,0,0,0,0.2,10,1,4506,37,39,10,2,0,0,0,0,0,0,0,0,0,0,0,0,0,0,0,0,0,0,0,0,0,0,0,0,0,0,0,1779655558679
1779655559719,wlan92,1.16.2.3686.11,CX_wlan92,true,4660,0,47718400,0,0,0,0,0,0,0,0,0,4660,0,0,0,0,0,0,0,0,0,0,0,0,0,0,0,0,0,0,3,10.551,148,1,121,192,853,2109,1252,130,1,1,1,0,0,0,0,0,0,0,0,0,0,0,0,0,0,0,0,0,0,0,0,0,0,0,3,10.97,148,1,137,233,929,2011,1207,137,3,2,1,0,0,0,0,0,0,0,0,0,0,0,0,0,0,0,0,0,0,0,0,0,0,0,0,0.103,10,1,4572,37,39,10,2,0,0,0,0,0,0,0,0,0,0,0,0,0,0,0,0,0,0,0,0,0,0,0,0,0,0,0,1779655559723
1779655560777,wlan92,1.16.2.3686.11,CX_wlan92,true,4719,0,48332800,0,0,0,0,0,0,0,0,0,4719,0,0,0,0,0,0,0,0,0,0,0,0,0,0,0,0,0,0,3,11.099,148,1,121,192,860,2138,1272,134,1,1,1,0,0,0,0,0,0,0,0,0,0,0,0,0,0,0,0,0,0,0,0,0,0,0,3,11.358,148,1,137,233,935,2039,1228,141,3,2,1,0,0,0,0,0,0,0,0,0,0,0,0,0,0,0,0,0,0,0,0,0,0,0,0,0.082,10,1,4630,37,40,10,2,0,0,0,0,0,0,0,0,0,0,0,0,0,0,0,0,0,0,0,0,0,0,0,0,0,0,0,1779655560780
1779655561877,wlan92,1.16.2.3686.11,CX_wlan92,true,4768,0,48834560,0,0,0,0,0,0,0,0,0,4768,0,0,0,0,0,0,0,0,0,0,0,0,0,0,0,0,0,0,3,11.89,148,1,121,192,862,2155,1297,139,1,1,1,0,0,0,0,0,0,0,0,0,0,0,0,0,0,0,0,0,0,0,0,0,0,0,3,12.173,148,1,137,233,937,2056,1252,147,3,2,1,0,0,0,0,0,0,0,0,0,0,0,0,0,0,0,0,0,0,0,0,0,0,0,0,0.05,10,1,4679,37,40,10,2,0,0,0,0,0,0,0,0,0,0,0,0,0,0,0,0,0,0,0,0,0,0,0,0,0,0,0,1779655561896
1779655562990,wlan92,1.16.2.3686.11,CX_wlan92,true,4834,0,49500160,0,0,0,0,0,0,0,0,0,4834,0,0,0,0,0,0,0,0,0,0,0,0,0,0,0,0,0,0,3,11.709,148,1,121,195,870,2180,1324,141,1,1,1,0,0,0,0,0,0,0,0,0,0,0,0,0,0,0,0,0,0,0,0,0,0,0,3,11.928,148,1,137,235,946,2080,1279,151,3,2,1,0,0,0,0,0,0,0,0,0,0,0,0,0,0,0,0,0,0,0,0,0,0,0,0,0.048,10,1,4744,38,40,10,2,0,0,0,0,0,0,0,0,0,0,0,0,0,0,0,0,0,0,0,0,0,0,0,0,0,0,0,1779655563096
1779655564149,wlan92,1.16.2.3686.11,CX_wlan92,true,4911,0,50288640,0,0,0,0,0,0,0,0,0,4911,0,0,0,0,0,0,0,0,0,0,0,0,0,0,0,0,0,0,3,10.886,148,1,121,197,892,2214,1339,145,1,1,1,0,0,0,0,0,0,0,0,0,0,0,0,0,0,0,0,0,0,0,0,0,0,0,3,11.028,148,1,137,237,968,2113,1295,155,3,2,1,0,0,0,0,0,0,0,0,0,0,0,0,0,0,0,0,0,0,0,0,0,0,0,0,0.071,10,1,4820,38,40,11,2,0,0,0,0,0,0,0,0,0,0,0,0,0,0,0,0,0,0,0,0,0,0,0,0,0,0,0,1779655564157
1779655565195,wlan92,1.16.2.3686.11,CX_wlan92,true,4970,0,50892800,0,0,0,0,0,0,0,0,0,4970,0,0,0,0,0,0,0,0,0,0,0,0,0,0,0,0,0,0,3,11.079,148,1,121,199,900,2236,1366,145,1,1,1,0,0,0,0,0,0,0,0,0,0,0,0,0,0,0,0,0,0,0,0,0,0,0,3,11.335,148,1,137,239,975,2135,1322,156,3,2,1,0,0,0,0,0,0,0,0,0,0,0,0,0,0,0,0,0,0,0,0,0,0,0,0,0.069,10,1,4878,38,41,11,2,0,0,0,0,0,0,0,0,0,0,0,0,0,0,0,0,0,0,0,0,0,0,0,0,0,0,0,1779655565205
1779655566245,wlan92,1.16.2.3686.11,CX_wlan92,true,5015,0,51353600,0,0,0,0,0,0,0,0,0,5015,0,0,0,0,0,0,0,0,0,0,0,0,0,0,0,0,0,0,3,12.105,148,1,121,199,901,2255,1387,148,2,1,1,0,0,0,0,0,0,0,0,0,0,0,0,0,0,0,0,0,0,0,0,0,0,0,3,12.388,148,1,137,239,976,2153,1344,159,4,2,1,0,0,0,0,0,0,0,0,0,0,0,0,0,0,0,0,0,0,0,0,0,0,0,0,0.104,10,1,4921,39,42,11,2,0,0,0,0,0,0,0,0,0,0,0,0,0,0,0,0,0,0,0,0,0,0,0,0,0,0,0,1779655566280
1779655567408,wlan92,1.16.2.3686.11,CX_wlan92,true,5067,0,51896320,0,0,0,0,0,0,0,0,0,5067,0,0,0,0,0,0,0,0,0,0,0,0,0,0,0,0,0,0,3,12.951,148,1,121,199,901,2272,1416,155,2,1,1,0,0,0,0,0,0,0,0,0,0,0,0,0,0,0,0,0,0,0,0,0,0,0,3,13.431,148,1,137,239,976,2168,1373,166,5,2,1,0,0,0,0,0,0,0,0,0,0,0,0,0,0,0,0,0,0,0,0,0,0,0,0,0.231,10,1,4968,39,45,13,2,0,0,0,0,0,0,0,0,0,0,0,0,0,0,0,0,0,0,0,0,0,0,0,0,0,0,0,1779655567615
1779655568662,wlan92,1.16.2.3686.11,CX_wlan92,true,5151,0,52746240,0,0,0,0,0,0,0,0,0,5151,0,0,0,0,0,0,0,0,0,0,0,0,0,0,0,0,0,0,3,11.244,148,1,123,201,913,2319,1435,156,2,1,1,0,0,0,0,0,0,0,0,0,0,0,0,0,0,0,0,0,0,0,0,0,0,0,3,11.577,148,1,139,241,984,2218,1393,168,5,2,1,0,0,0,0,0,0,0,0,0,0,0,0,0,0,0,0,0,0,0,0,0,0,0,0,0.144,10,1,5049,40,47,13,2,0,0,0,0,0,0,0,0,0,0,0,0,0,0,0,0,0,0,0,0,0,0,0,0,0,0,0,1779655568733
1779655569844,wlan92,1.16.2.3686.11,CX_wlan92,true,5228,0,53534720,0,0,0,0,0,0,0,0,0,5228,0,0,0,0,0,0,0,0,0,0,0,0,0,0,0,0,0,0,3,10.716,148,1,123,203,924,2368,1450,156,2,1,1,0,0,0,0,0,0,0,0,0,0,0,0,0,0,0,0,0,0,0,0,0,0,0,3,10.966,148,1,139,243,994,2264,1412,168,5,2,1,0,0,0,0,0,0,0,0,0,0,0,0,0,0,0,0,0,0,0,0,0,0,0,0,0.116,10,1,5124,41,48,13,2,0,0,0,0,0,0,0,0,0,0,0,0,0,0,0,0,0,0,0,0,0,0,0,0,0,0,0,1779655569881
1779655570959,wlan92,1.16.2.3686.11,CX_wlan92,true,5290,0,54179840,0,0,0,0,0,0,0,0,0,5290,0,0,0,0,0,0,0,0,0,0,0,0,0,0,0,0,0,0,3,11.377,148,1,123,205,931,2384,1485,159,2,1,1,0,0,0,0,0,0,0,0,0,0,0,0,0,0,0,0,0,0,0,0,0,0,0,3,11.584,148,1,139,244,999,2282,1448,170,5,2,1,0,0,0,0,0,0,0,0,0,0,0,0,0,0,0,0,0,0,0,0,0,0,0,0,0.07,10,1,5186,41,48,13,2,0,0,0,0,0,0,0,0,0,0,0,0,0,0,0,0,0,0,0,0,0,0,0,0,0,0,0,1779655571039
1779655572107,wlan92,1.16.2.3686.11,CX_wlan92,true,5362,0,54906880,0,0,0,0,0,0,0,0,0,5362,0,0,0,0,0,0,0,0,0,0,0,0,0,0,0,0,0,0,3,11.226,148,1,124,206,938,2420,1509,161,2,1,1,0,0,0,0,0,0,0,0,0,0,0,0,0,0,0,0,0,0,0,0,0,0,0,3,11.63,148,1,139,244,1005,2317,1476,173,5,2,1,0,0,0,0,0,0,0,0,0,0,0,0,0,0,0,0,0,0,0,0,0,0,0,0,0.166,10,1,5253,43,49,15,2,0,0,0,0,0,0,0,0,0,0,0,0,0,0,0,0,0,0,0,0,0,0,0,0,0,0,0,1779655572174
1779655573348,wlan92,1.16.2.3686.11,CX_wlan92,true,5443,0,55736320,0,0,0,0,0,0,0,0,0,5443,0,0,0,0,0,0,0,0,0,0,0,0,0,0,0,0,0,0,3,10.906,148,1,124,208,947,2460,1539,161,2,1,1,0,0,0,0,0,0,0,0,0,0,0,0,0,0,0,0,0,0,0,0,0,0,0,3,11.166,148,1,139,245,1014,2358,1506,173,5,2,1,0,0,0,0,0,0,0,0,0,0,0,0,0,0,0,0,0,0,0,0,0,0,0,0,0.177,10,1,5330,44,51,16,2,0,0,0,0,0,0,0,0,0,0,0,0,0,0,0,0,0,0,0,0,0,0,0,0,0,0,0,1779655573353
1779655574678,wlan92,1.16.2.3686.11,CX_wlan92,true,5523,0,56555520,0,0,0,0,0,0,0,0,0,5523,0,0,0,0,0,0,0,0,0,0,0,0,0,0,0,0,0,0,3,10.985,148,1,124,208,955,2498,1571,163,2,1,1,0,0,0,0,0,0,0,0,0,0,0,0,0,0,0,0,0,0,0,0,0,0,0,3,11.22,148,1,139,245,1019,2399,1538,175,5,2,1,0,0,0,0,0,0,0,0,0,0,0,0,0,0,0,0,0,0,0,0,0,0,0,0,0.131,10,1,5408,44,53,16,2,0,0,0,0,0,0,0,0,0,0,0,0,0,0,0,0,0,0,0,0,0,0,0,0,0,0,0,1779655574802
1779655575924,wlan92,1.16.2.3686.11,CX_wlan92,true,5603,0,57374720,0,0,0,0,0,0,0,0,0,5603,0,0,0,0,0,0,0,0,0,0,0,0,0,0,0,0,0,0,3,10.762,148,1,124,209,967,2539,1596,164,2,1,1,0,0,0,0,0,0,0,0,0,0,0,0,0,0,0,0,0,0,0,0,0,0,0,3,10.952,148,1,139,246,1029,2441,1564,176,5,2,1,0,0,0,0,0,0,0,0,0,0,0,0,0,0,0,0,0,0,0,0,0,0,0,0,0.069,10,1,5487,45,53,16,2,0,0,0,0,0,0,0,0,0,0,0,0,0,0,0,0,0,0,0,0,0,0,0,0,0,0,0,1779655575966
1779655577064,wlan92,1.16.2.3686.11,CX_wlan92,true,5668,0,58040320,0,0,0,0,0,0,0,0,0,5668,0,0,0,0,0,0,0,0,0,0,0,0,0,0,0,0,0,0,3,11.012,148,1,125,210,975,2566,1621,167,2,1,1,0,0,0,0,0,0,0,0,0,0,0,0,0,0,0,0,0,0,0,0,0,0,0,3,11.216,148,1,140,247,1034,2470,1590,179,5,2,1,0,0,0,0,0,0,0,0,0,0,0,0,0,0,0,0,0,0,0,0,0,0,0,0,0.148,10,1,5548,45,56,17,2,0,0,0,0,0,0,0,0,0,0,0,0,0,0,0,0,0,0,0,0,0,0,0,0,0,0,0,1779655577096
1779655578189,wlan92,1.16.2.3686.11,CX_wlan92,true,5739,0,58777600,0,0,0,0,0,0,0,0,0,5739,0,0,0,0,0,0,0,0,0,0,0,0,0,0,0,0,0,0,3,10.79,148,1,125,211,988,2600,1644,168,2,1,1,0,0,0,0,0,0,0,0,0,0,0,0,0,0,0,0,0,0,0,0,0,0,0,3,10.947,148,1,140,248,1047,2502,1614,180,5,2,1,0,0,0,0,0,0,0,0,0,0,0,0,0,0,0,0,0,0,0,0,0,0,0,0,0.137,10,1,5617,46,56,18,2,0,0,0,0,0,0,0,0,0,0,0,0,0,0,0,0,0,0,0,0,0,0,0,0,0,0,0,1779655578246
1779655579404,wlan92,1.16.2.3686.11,CX_wlan92,true,5829,0,59688960,0,0,0,0,0,0,0,0,0,5829,0,0,0,0,0,0,0,0,0,0,0,0,0,0,0,0,0,0,3,10.366,148,1,127,214,1003,2646,1665,170,2,1,1,0,0,0,0,0,0,0,0,0,0,0,0,0,0,0,0,0,0,0,0,0,0,0,3,10.558,148,1,142,251,1061,2547,1638,182,5,2,1,0,0,0,0,0,0,0,0,0,0,0,0,0,0,0,0,0,0,0,0,0,0,0,0,0.081,10,1,5706,47,56,18,2,0,0,0,0,0,0,0,0,0,0,0,0,0,0,0,0,0,0,0,0,0,0,0,0,0,0,0,1779655579427
1779655580532,wlan92,1.16.2.3686.11,CX_wlan92,true,5892,0,60334080,0,0,0,0,0,0,0,0,0,5892,0,0,0,0,0,0,0,0,0,0,0,0,0,0,0,0,0,0,3,10.853,148,1,127,214,1015,2667,1689,176,2,1,1,0,0,0,0,0,0,0,0,0,0,0,0,0,0,0,0,0,0,0,0,0,0,0,3,11.053,148,1,142,251,1071,2569,1663,188,5,2,1,0,0,0,0,0,0,0,0,0,0,0,0,0,0,0,0,0,0,0,0,0,0,0,0,0.074,10,1,5767,48,57,18,2,0,0,0,0,0,0,0,0,0,0,0,0,0,0,0,0,0,0,0,0,0,0,0,0,0,0,0,1779655580600
1779655581669,wlan92,1.16.2.3686.11,CX_wlan92,true,5975,0,61184000,0,0,0,0,0,0,0,0,0,5975,0,0,0,0,0,0,0,0,0,0,0,0,0,0,0,0,0,0,3,10.017,148,1,128,218,1031,2715,1702,177,2,1,1,0,0,0,0,0,0,0,0,0,0,0,0,0,0,0,0,0,0,0,0,0,0,0,3,10.186,148,1,143,255,1086,2617,1677,189,5,2,1,0,0,0,0,0,0,0,0,0,0,0,0,0,0,0,0,0,0,0,0,0,0,0,0,0.032,10,1,5850,48,57,18,2,0,0,0,0,0,0,0,0,0,0,0,0,0,0,0,0,0,0,0,0,0,0,0,0,0,0,0,1779655581712
1779655582793,wlan92,1.16.2.3686.11,CX_wlan92,true,6031,0,61757440,0,0,0,0,0,0,0,0,0,6031,0,0,0,0,0,0,0,0,0,0,0,0,0,0,0,0,0,0,3,11.602,148,1,128,219,1034,2736,1730,179,2,2,1,0,0,0,0,0,0,0,0,0,0,0,0,0,0,0,0,0,0,0,0,0,0,0,3,11.795,148,1,143,256,1089,2636,1707,191,5,3,1,0,0,0,0,0,0,0,0,0,0,0,0,0,0,0,0,0,0,0,0,0,0,0,0,0.024,10,1,5906,48,57,18,2,0,0,0,0,0,0,0,0,0,0,0,0,0,0,0,0,0,0,0,0,0,0,0,0,0,0,0,1779655582804
1779655583859,wlan92,1.16.2.3686.11,CX_wlan92,true,6090,0,62371840,0,0,0,0,0,0,0,0,0,6090,0,0,0,0,0,0,0,0,0,0,0,0,0,0,0,0,0,0,3,11.791,148,1,128,219,1040,2763,1754,182,2,2,1,0,0,0,0,0,0,0,0,0,0,0,0,0,0,0,0,0,0,0,0,0,0,0,3,11.979,148,1,143,256,1095,2662,1731,194,5,3,1,0,0,0,0,0,0,0,0,0,0,0,0,0,0,0,0,0,0,0,0,0,0,0,0,0.021,10,1,5965,48,57,18,2,0,0,0,0,0,0,0,0,0,0,0,0,0,0,0,0,0,0,0,0,0,0,0,0,0,0,0,1779655583937
1779655584996,wlan92,1.16.2.3686.11,CX_wlan92,true,6166,0,63150080,0,0,0,0,0,0,0,0,0,6166,0,0,0,0,0,0,0,0,0,0,0,0,0,0,0,0,0,0,3,11.023,148,1,129,223,1058,2789,1778,185,2,2,1,0,0,0,0,0,0,0,0,0,0,0,0,0,0,0,0,0,0,0,0,0,0,0,3,11.175,148,1,144,260,1113,2688,1754,198,5,3,1,0,0,0,0,0,0,0,0,0,0,0,0,0,0,0,0,0,0,0,0,0,0,0,0,0.026,10,1,6040,48,58,18,2,0,0,0,0,0,0,0,0,0,0,0,0,0,0,0,0,0,0,0,0,0,0,0,0,0,0,0,1779655585041
1779655586136,wlan92,1.16.2.3686.11,CX_wlan92,true,6245,0,63948800,0,0,0,0,0,0,0,0,0,6245,0,0,0,0,0,0,0,0,0,0,0,0,0,0,0,0,0,0,3,10.48,148,1,130,225,1071,2830,1798,186,2,2,1,0,0,0,0,0,0,0,0,0,0,0,0,0,0,0,0,0,0,0,0,0,0,0,3,10.633,148,1,145,262,1126,2727,1777,199,5,3,1,0,0,0,0,0,0,0,0,0,0,0,0,0,0,0,0,0,0,0,0,0,0,0,0,0.019,10,1,6119,48,58,18,2,0,0,0,0,0,0,0,0,0,0,0,0,0,0,0,0,0,0,0,0,0,0,0,0,0,0,0,1779655586138
1779655587247,wlan92,1.16.2.3686.11,CX_wlan92,true,6316,0,64686080,0,0,0,0,0,0,0,0,0,6316,0,0,0,0,0,0,0,0,0,0,0,0,0,0,0,0,0,0,3,10.466,148,1,130,226,1088,2863,1818,187,2,2,1,0,0,0,0,0,0,0,0,0,0,0,0,0,0,0,0,0,0,0,0,0,0,0,3,10.522,148,1,145,263,1141,2762,1796,200,5,3,1,0,0,0,0,0,0,0,0,0,0,0,0,0,0,0,0,0,0,0,0,0,0,0,0,0.026,10,1,6189,49,58,18,2,0,0,0,0,0,0,0,0,0,0,0,0,0,0,0,0,0,0,0,0,0,0,0,0,0,0,0,1779655587322
1779655588434,wlan92,1.16.2.3686.11,CX_wlan92,true,6387,0,65402880,0,0,0,0,0,0,0,0,0,6387,0,0,0,0,0,0,0,0,0,0,0,0,0,0,0,0,0,0,3,10.669,148,1,130,229,1095,2898,1842,188,2,2,1,0,0,0,0,0,0,0,0,0,0,0,0,0,0,0,0,0,0,0,0,0,0,0,3,10.866,148,1,145,266,1148,2796,1822,201,5,3,1,0,0,0,0,0,0,0,0,0,0,0,0,0,0,0,0,0,0,0,0,0,0,0,0,0.012,10,1,6260,49,58,18,2,0,0,0,0,0,0,0,0,0,0,0,0,0,0,0,0,0,0,0,0,0,0,0,0,0,0,0,1779655588450
1779655589537,wlan92,1.16.2.3686.11,CX_wlan92,true,6451,0,66068480,0,0,0,0,0,0,0,0,0,6451,0,0,0,0,0,0,0,0,0,0,0,0,0,0,0,0,0,0,3,10.902,148,1,130,230,1101,2929,1869,188,2,2,1,0,0,0,0,0,0,0,0,0,0,0,0,0,0,0,0,0,0,0,0,0,0,0,3,11.079,148,1,145,267,1154,2824,1851,201,5,3,1,0,0,0,0,0,0,0,0,0,0,0,0,0,0,0,0,0,0,0,0,0,0,0,0,0.049,10,1,6322,50,59,18,2,0,0,0,0,0,0,0,0,0,0,0,0,0,0,0,0,0,0,0,0,0,0,0,0,0,0,0,1779655589565
1779655590670,wlan92,1.16.2.3686.11,CX_wlan92,true,6522,0,66785280,0,0,0,0,0,0,0,0,0,6522,0,0,0,0,0,0,0,0,0,0,0,0,0,0,0,0,0,0,3,10.625,148,1,130,234,1113,2960,1890,190,2,2,1,0,0,0,0,0,0,0,0,0,0,0,0,0,0,0,0,0,0,0,0,0,0,0,3,10.82,148,1,145,271,1163,2858,1872,204,5,3,1,0,0,0,0,0,0,0,0,0,0,0,0,0,0,0,0,0,0,0,0,0,0,0,0,0.031,10,1,6393,50,59,18,2,0,0,0,0,0,0,0,0,0,0,0,0,0,0,0,0,0,0,0,0,0,0,0,0,0,0,0,1779655590786
1779655591895,wlan92,1.16.2.3686.11,CX_wlan92,true,6587,0,67450880,0,0,0,0,0,0,0,0,0,6587,0,0,0,0,0,0,0,0,0,0,0,0,0,0,0,0,0,0,3,11.308,148,1,130,235,1119,2984,1920,194,2,2,1,0,0,0,0,0,0,0,0,0,0,0,0,0,0,0,0,0,0,0,0,0,0,0,3,11.6,148,1,145,272,1168,2882,1902,209,5,3,1,0,0,0,0,0,0,0,0,0,0,0,0,0,0,0,0,0,0,0,0,0,0,0,0,0.066,10,1,6456,50,61,18,2,0,0,0,0,0,0,0,0,0,0,0,0,0,0,0,0,0,0,0,0,0,0,0,0,0,0,0,1779655591937
1779655592984,wlan92,1.16.2.3686.11,CX_wlan92,true,6655,0,68147200,0,0,0,0,0,0,0,0,0,6655,0,0,0,0,0,0,0,0,0,0,0,0,0,0,0,0,0,0,3,11.049,148,1,130,235,1134,3018,1938,195,2,2,1,0,0,0,0,0,0,0,0,0,0,0,0,0,0,0,0,0,0,0,0,0,0,0,3,11.313,148,1,145,272,1181,2916,1922,210,5,3,1,0,0,0,0,0,0,0,0,0,0,0,0,0,0,0,0,0,0,0,0,0,0,0,0,0.033,10,1,6524,50,61,18,2,0,0,0,0,0,0,0,0,0,0,0,0,0,0,0,0,0,0,0,0,0,0,0,0,0,0,0,1779655592993
1779655594058,wlan92,1.16.2.3686.11,CX_wlan92,true,6719,0,68812800,0,0,0,0,0,0,0,0,0,6719,0,0,0,0,0,0,0,0,0,0,0,0,0,0,0,0,0,0,3,11.041,148,1,130,236,1146,3042,1964,197,2,2,1,0,0,0,0,0,0,0,0,0,0,0,0,0,0,0,0,0,0,0,0,0,0,0,3,11.185,148,1,145,273,1193,2939,1948,212,5,3,1,0,0,0,0,0,0,0,0,0,0,0,0,0,0,0,0,0,0,0,0,0,0,0,0,0.037,10,1,6587,50,62,18,2,0,0,0,0,0,0,0,0,0,0,0,0,0,0,0,0,0,0,0,0,0,0,0,0,0,0,0,1779655594062
1779655595154,wlan92,1.16.2.3686.11,CX_wlan92,true,6784,0,69478400,0,0,0,0,0,0,0,0,0,6784,0,0,0,0,0,0,0,0,0,0,0,0,0,0,0,0,0,0,3,11.067,148,1,130,238,1160,3065,1988,199,2,2,1,0,0,0,0,0,0,0,0,0,0,0,0,0,0,0,0,0,0,0,0,0,0,0,3,11.205,148,1,145,275,1207,2961,1973,214,5,3,1,0,0,0,0,0,0,0,0,0,0,0,0,0,0,0,0,0,0,0,0,0,0,0,0,0.051,10,1,6651,50,62,19,2,0,0,0,0,0,0,0,0,0,0,0,0,0,0,0,0,0,0,0,0,0,0,0,0,0,0,0,1779655595194
1779655596259,wlan92,1.16.2.3686.11,CX_wlan92,true,6857,0,70215680,0,0,0,0,0,0,0,0,0,6857,0,0,0,0,0,0,0,0,0,0,0,0,0,0,0,0,0,0,3,10.206,148,1,131,239,1183,3095,2002,202,2,2,1,0,0,0,0,0,0,0,0,0,0,0,0,0,0,0,0,0,0,0,0,0,0,0,3,10.416,148,1,146,276,1229,2991,1989,217,5,3,1,0,0,0,0,0,0,0,0,0,0,0,0,0,0,0,0,0,0,0,0,0,0,0,0,0.036,10,1,6723,51,62,19,2,0,0,0,0,0,0,0,0,0,0,0,0,0,0,0,0,0,0,0,0,0,0,0,0,0,0,0,1779655596319
1779655597424,wlan92,1.16.2.3686.11,CX_wlan92,true,6922,0,70881280,0,0,0,0,0,0,0,0,0,6922,0,0,0,0,0,0,0,0,0,0,0,0,0,0,0,0,0,0,3,10.662,148,1,131,240,1193,3121,2030,202,2,2,1,0,0,0,0,0,0,0,0,0,0,0,0,0,0,0,0,0,0,0,0,0,0,0,3,10.973,148,1,146,277,1238,3015,2020,217,5,3,1,0,0,0,0,0,0,0,0,0,0,0,0,0,0,0,0,0,0,0,0,0,0,0,0,0.034,10,1,6788,51,62,19,2,0,0,0,0,0,0,0,0,0,0,0,0,0,0,0,0,0,0,0,0,0,0,0,0,0,0,0,1779655597510
1779655598574,wlan92,1.16.2.3686.11,CX_wlan92,true,6991,0,71587840,0,0,0,0,0,0,0,0,0,6991,0,0,0,0,0,0,0,0,0,0,0,0,0,0,0,0,0,0,3,10.362,148,1,132,240,1214,3148,2046,206,2,2,1,0,0,0,0,0,0,0,0,0,0,0,0,0,0,0,0,0,0,0,0,0,0,0,3,10.618,148,1,147,277,1258,3041,2038,221,5,3,1,0,0,0,0,0,0,0,0,0,0,0,0,0,0,0,0,0,0,0,0,0,0,0,0,0.041,10,1,6856,52,62,19,2,0,0,0,0,0,0,0,0,0,0,0,0,0,0,0,0,0,0,0,0,0,0,0,0,0,0,0,1779655598608
1779655599716,wlan92,1.16.2.3686.11,CX_wlan92,true,7057,0,72263680,0,0,0,0,0,0,0,0,0,7057,0,0,0,0,0,0,0,0,0,0,0,0,0,0,0,0,0,0,3,11.289,148,1,132,240,1222,3178,2070,209,3,2,1,0,0,0,0,0,0,0,0,0,0,0,0,0,0,0,0,0,0,0,0,0,0,0,3,11.457,148,1,147,277,1266,3071,2062,224,6,3,1,0,0,0,0,0,0,0,0,0,0,0,0,0,0,0,0,0,0,0,0,0,0,0,0,0.039,10,1,6921,52,63,19,2,0,0,0,0,0,0,0,0,0,0,0,0,0,0,0,0,0,0,0,0,0,0,0,0,0,0,0,1779655599786
1779655600834,wlan92,1.16.2.3686.11,CX_wlan92,true,7113,0,72837120,0,0,0,0,0,0,0,0,0,7113,0,0,0,0,0,0,0,0,0,0,0,0,0,0,0,0,0,0,3,12.36,148,1,132,240,1224,3199,2096,216,3,2,1,0,0,0,0,0,0,0,0,0,0,0,0,0,0,0,0,0,0,0,0,0,0,0,3,12.603,148,1,147,277,1268,3091,2088,232,6,3,1,0,0,0,0,0,0,0,0,0,0,0,0,0,0,0,0,0,0,0,0,0,0,0,0,0.113,10,1,6974,52,66,19,2,0,0,0,0,0,0,0,0,0,0,0,0,0,0,0,0,0,0,0,0,0,0,0,0,0,0,0,1779655600854
1779655601946,wlan92,1.16.2.3686.11,CX_wlan92,true,7166,0,73379840,0,0,0,0,0,0,0,0,0,7166,0,0,0,0,0,0,0,0,0,0,0,0,0,0,0,0,0,0,3,12.651,148,1,132,240,1230,3219,2117,222,3,2,1,0,0,0,0,0,0,0,0,0,0,0,0,0,0,0,0,0,0,0,0,0,0,0,3,12.956,148,1,147,277,1273,3111,2108,240,6,3,1,0,0,0,0,0,0,0,0,0,0,0,0,0,0,0,0,0,0,0,0,0,0,0,0,0.098,10,1,7026,52,67,19,2,0,0,0,0,0,0,0,0,0,0,0,0,0,0,0,0,0,0,0,0,0,0,0,0,0,0,0,1779655601994
1779655603119,wlan92,1.16.2.3686.11,CX_wlan92,true,7240,0,74147840,0,0,0,0,0,0,0,0,0,7240,0,0,0,0,0,0,0,0,0,0,0,0,0,0,0,0,0,0,3,11.336,148,1,132,242,1242,3262,2133,224,3,2,1,0,0,0,0,0,0,0,0,0,0,0,0,0,0,0,0,0,0,0,0,0,0,0,3,11.583,148,1,147,279,1282,3153,2127,242,6,3,1,0,0,0,0,0,0,0,0,0,0,0,0,0,0,0,0,0,0,0,0,0,0,0,0,0.067,10,1,7099,52,68,19,2,0,0,0,0,0,0,0,0,0,0,0,0,0,0,0,0,0,0,0,0,0,0,0,0,0,0,0,1779655603141
1779655604266,wlan92,1.16.2.3686.11,CX_wlan92,true,7304,0,74803200,0,0,0,0,0,0,0,0,0,7304,0,0,0,0,0,0,0,0,0,0,0,0,0,0,0,0,0,0,3,11.54,148,1,132,245,1251,3286,2157,228,3,2,1,0,0,0,0,0,0,0,0,0,0,0,0,0,0,0,0,0,0,0,0,0,0,0,3,11.893,148,1,147,282,1290,3175,2153,247,6,3,1,0,0,0,0,0,0,0,0,0,0,0,0,0,0,0,0,0,0,0,0,0,0,0,0,0.061,10,1,7162,52,69,19,2,0,0,0,0,0,0,0,0,0,0,0,0,0,0,0,0,0,0,0,0,0,0,0,0,0,0,0,1779655604300
1779655605368,wlan92,1.16.2.3686.11,CX_wlan92,true,7370,0,75468800,0,0,0,0,0,0,0,0,0,7370,0,0,0,0,0,0,0,0,0,0,0,0,0,0,0,0,0,0,3,11.182,148,1,133,246,1261,3313,2182,229,3,2,1,0,0,0,0,0,0,0,0,0,0,0,0,0,0,0,0,0,0,0,0,0,0,0,3,11.445,148,1,147,284,1299,3203,2178,249,6,3,1,0,0,0,0,0,0,0,0,0,0,0,0,0,0,0,0,0,0,0,0,0,0,0,0,0.155,10,1,7223,53,72,20,2,0,0,0,0,0,0,0,0,0,0,0,0,0,0,0,0,0,0,0,0,0,0,0,0,0,0,0,1779655605427
1779655606455,wlan92,1.16.2.3686.11,CX_wlan92,true,7441,0,76195840,0,0,0,0,0,0,0,0,0,7441,0,0,0,0,0,0,0,0,0,0,0,0,0,0,0,0,0,0,3,10.557,148,1,133,247,1276,3347,2202,230,3,2,1,0,0,0,0,0,0,0,0,0,0,0,0,0,0,0,0,0,0,0,0,0,0,0,3,10.792,148,1,147,285,1314,3232,2203,250,6,3,1,0,0,0,0,0,0,0,0,0,0,0,0,0,0,0,0,0,0,0,0,0,0,0,0,0.076,10,1,7294,53,72,20,2,0,0,0,0,0,0,0,0,0,0,0,0,0,0,0,0,0,0,0,0,0,0,0,0,0,0,0,1779655606462
1779655607568,wlan92,1.16.2.3686.11,CX_wlan92,true,7507,0,76871680,0,0,0,0,0,0,0,0,0,7507,0,0,0,0,0,0,0,0,0,0,0,0,0,0,0,0,0,0,3,10.847,148,1,133,248,1290,3373,2223,234,3,2,1,0,0,0,0,0,0,0,0,0,0,0,0,0,0,0,0,0,0,0,0,0,0,0,3,11.069,148,1,147,286,1326,3258,2226,254,6,3,1,0,0,0,0,0,0,0,0,0,0,0,0,0,0,0,0,0,0,0,0,0,0,0,0,0.12,10,1,7359,53,72,20,3,0,0,0,0,0,0,0,0,0,0,0,0,0,0,0,0,0,0,0,0,0,0,0,0,0,0,0,1779655607650
1779655608675,wlan92,1.16.2.3686.11,CX_wlan92,true,7580,0,77619200,0,0,0,0,0,0,0,0,0,7580,0,0,0,0,0,0,0,0,0,0,0,0,0,0,0,0,0,0,3,10.459,148,1,133,248,1306,3408,2244,235,3,2,1,0,0,0,0,0,0,0,0,0,0,0,0,0,0,0,0,0,0,0,0,0,0,0,3,10.667,148,1,147,286,1339,3294,2249,255,6,3,1,0,0,0,0,0,0,0,0,0,0,0,0,0,0,0,0,0,0,0,0,0,0,0,0,0.075,10,1,7432,53,72,20,3,0,0,0,0,0,0,0,0,0,0,0,0,0,0,0,0,0,0,0,0,0,0,0,0,0,0,0,1779655608681
1779655609765,wlan92,1.16.2.3686.11,CX_wlan92,true,7648,0,78315520,0,0,0,0,0,0,0,0,0,7648,0,0,0,0,0,0,0,0,0,0,0,0,0,0,0,0,0,0,3,10.457,148,1,133,251,1312,3445,2265,236,3,2,1,0,0,0,0,0,0,0,0,0,0,0,0,0,0,0,0,0,0,0,0,0,0,0,3,10.688,148,1,147,289,1345,3329,2272,256,6,3,1,0,0,0,0,0,0,0,0,0,0,0,0,0,0,0,0,0,0,0,0,0,0,0,0,0.061,10,1,7499,54,72,20,3,0,0,0,0,0,0,0,0,0,0,0,0,0,0,0,0,0,0,0,0,0,0,0,0,0,0,0,1779655609785
